siteID,siteuse,replsite,longitude,latitude,stratum,wgt,ip,caty,FRAME23_ID,PERM_ID,NHDPLUSID,REACHCODE,GNIS_ID,GNIS_NAME,LENGTH_KM,FTYPE,FCODE,HUC4,STREAM_LEV,STRAH_ORD,STRAH_CAL,MEAN_FLOW,WBPERM_ID,MAINPATH,INNETWORK,VISFILT,BORD_RIV,PSTL_CODE,FRAME23,CNTYNAME,STATECTY,EPA_REG,HUC2,HUC2_NM,HUC8,HUC8_NM,MAJ_BASIN,MAJ_BAS_NM,MIS_BASIN,MIS_BAS_NM,WSAREA_KM,NHD100K,URBN_NRS08,URBN_NRS18,URBN_NRS23,FEOW_ID,US_L4CODE,US_L4NAME,US_L3CODE,US_L3NAME,NA_L2CODE,NA_L2NAME,NA_L1CODE,NA_L1NAME,AG_ECO9,AG_ECO9_NM,AG_ECO3,AG_ECO3_NM,OWN_NARS,FS_EW,STRAH_CAT,Shape_Leng,geometry,geometry2,fcode,stream_order
Site-001,Base,None,-78.9074674,43.1617857,1,1126541.871,8.88E-07,None,242927,118006503,6.00008E+13,4.2701E+12,NA,NA,0.482405139,336,33600,H0427,7,1,1,0.12603247,NA,0,1,1.00E+05,Not_Border,NY,Exclude_FCODE,Niagara,F36063,Region_02,H04,Great Lakes Region,H04270101,Niagara River,H04,Great Lakes Region,NMRB,Not Mississippi River Basin,0.283,NHD100,Non-Urban,Non-Urban,Non-Urban,116,83c,Ontario Lowlands,83,Eastern Great Lakes Lowlands,8.1,MIXED WOOD PLAINS,8,EASTERN TEMPERATE FORESTS,NAP,Northern Appalachians,EHIGH,Eastern Highlands,Non Federal,Not_USFS,SS,482.4051393,c(182329.575046824, 4786196.98023993),33600,1
Site-002,Base,None,-74.24028486,43.5188425,1,1126541.871,8.88E-07,None,303996,47682445,1.00007E+13,2.02E+12,NA,NA,1.540127844,460,46003,H0202,5,1,1,0.516618,NA,0,1,0,Not_Border,NY,Exclude_NoFlow,Hamilton,F36041,Region_02,H02,Mid-Atlantic Region,H02020002,Sacandaga,H02,Mid-Atlantic Region,NMRB,Not Mississippi River Basin,0.59580001,NHD100,Non-Urban,Non-Urban,Non-Urban,118,58aa,Acid Sensitive Adirondacks,58,Northeastern Highlands,5.3,ATLANTIC HIGHLANDS,5,NORTHERN FORESTS,NAP,Northern Appalachians,EHIGH,Eastern Highlands,Non Federal,Not_USFS,SS,1540.127844,c(561399.652710322, 4818714.30649016),46003,1
Site-003,Base,None,-73.56103527,43.47271153,1,1126541.871,8.88E-07,None,222060,52528375,6.00002E+13,4.3001E+12,NA,NA,0.777859089,460,46003,H0430,6,1,1,0.78103945,NA,0,1,50000,Not_Border,NY,Exclude_NoFlow,Washington,F36115,Region_02,H02,Mid-Atlantic Region,H04300101,Mettawee River,H02,Mid-Atlantic Region,NMRB,Not Mississippi River Basin,0.6826,Not_NHD100,Non-Urban,Non-Urban,Non-Urban,117,58ac,Eastern Adirondack Foothills,58,Northeastern Highlands,5.3,ATLANTIC HIGHLANDS,5,NORTHERN FORESTS,NAP,Northern Appalachians,EHIGH,Eastern Highlands,Non Federal,Not_USFS,SS,777.8590891,c(616385.189116822, 4814316.41067236),46003,1
Site-004,Base,None,-73.79386331,41.49943444,1,1126541.871,8.88E-07,None,47091,37088789,1.00007E+13,2.02001E+12,NA,NA,1.301065621,460,46006,H0202,3,1,1,0.481791,NA,0,1,0,Not_Border,NY,Exclude_NoFlow,Putnam,F36079,Region_02,H02,Mid-Atlantic Region,H02020008,Hudson-Wappinger,H02,Mid-Atlantic Region,NMRB,Not Mississippi River Basin,0.69020001,NHD100,Non-Urban,Non-Urban,Non-Urban,118,58i,Glaciated Reading Prong/Hudson Highlands,58,Northeastern Highlands,5.3,ATLANTIC HIGHLANDS,5,NORTHERN FORESTS,NAP,Northern Appalachians,EHIGH,Eastern Highlands,Non Federal,Not_USFS,SS,1301.065621,c(600669.306839685, 4594903.59294515),46006,1
Site-005,Base,None,-77.25212456,42.82214863,1,1126541.871,8.88E-07,None,201211,87941966,6.00006E+13,4.1402E+12,NA,NA,2.811723598,460,46006,H0414,13,1,1,0.55970993,NA,0,1,50000,Not_Border,NY,Exclude_NoFlow,Ontario,F36069,Region_02,H04,Great Lakes Region,H04140201,Seneca,H04,Great Lakes Region,NMRB,Not Mississippi River Basin,1.39200004,Not_NHD100,Urban,Non-Urban,Non-Urban,116,83c,Ontario Lowlands,83,Eastern Great Lakes Lowlands,8.1,MIXED WOOD PLAINS,8,EASTERN TEMPERATE FORESTS,NAP,Northern Appalachians,EHIGH,Eastern Highlands,Non Federal,Not_USFS,SS,2811.723598,c(315900.801526097, 4743525.04908726),46006,1
Site-006,Base,None,-75.14029355,43.16413159,1,1126541.871,8.88E-07,None,159655,53525329,1.00007E+13,2.02E+12,NA,NA,1.017252897,460,46003,H0202,7,1,1,0.230408,NA,0,1,0,Not_Border,NY,Exclude_NoFlow,Oneida,F36065,Region_02,H02,Mid-Atlantic Region,H02020004,Mohawk,H02,Mid-Atlantic Region,NMRB,Not Mississippi River Basin,0.27910001,NHD100,Non-Urban,Non-Urban,Non-Urban,118,83f,Mohawk Valley,83,Eastern Great Lakes Lowlands,8.1,MIXED WOOD PLAINS,8,EASTERN TEMPERATE FORESTS,NAP,Northern Appalachians,EHIGH,Eastern Highlands,Non Federal,Not_USFS,SS,1017.252897,c(488595.387878869, 4779051.14389935),46003,1
Site-007,Base,None,-75.16196119,41.91630805,1,1126541.871,8.88E-07,None,78008,1E503548-381D-434A-9F33-91BDEA2A5C6B,1.00002E+13,2.0401E+12,NA,NA,0.582902654,460,46003,H0204,3,1,1,0.435618,NA,0,1,50000,Not_Border,NY,Exclude_NoFlow,Delaware,F36025,Region_02,H02,Mid-Atlantic Region,H02040101,Upper Delaware,H02,Mid-Atlantic Region,NMRB,Not Mississippi River Basin,0.61690001,Not_NHD100,Non-Urban,Non-Urban,Non-Urban,118,60c,Catskills Transition,60,Northern Allegheny Plateau,8.1,MIXED WOOD PLAINS,8,EASTERN TEMPERATE FORESTS,NAP,Northern Appalachians,EHIGH,Eastern Highlands,Non Federal,Not_USFS,SS,582.9026536,c(486569.195943559, 4640496.75284393),46003,1
Site-008,Base,None,-78.43787353,42.61088705,1,1126541.871,8.88E-07,None,246490,108913667,6.00011E+13,4.1201E+12,NA,NA,0.923317677,460,46003,H0412,9,1,1,0.15399414,NA,0,1,24000,Not_Border,NY,Exclude_NoFlow,Wyoming,F36121,Region_02,H04,Great Lakes Region,H04120103,Buffalo-Eighteenmile,H04,Great Lakes Region,NMRB,Not Mississippi River Basin,0.227,Not_NHD100,Non-Urban,Non-Urban,Non-Urban,116,60f,Cattaraugus Hills,60,Northern Allegheny Plateau,8.1,MIXED WOOD PLAINS,8,EASTERN TEMPERATE FORESTS,NAP,Northern Appalachians,EHIGH,Eastern Highlands,Non Federal,Not_USFS,SS,923.3176773,c(218008.538704604, 4723337.13637579),46003,1
Site-009,Base,None,-74.98402756,44.69181555,1,1126541.871,8.88E-07,None,245760,132419684,6.00003E+13,4.29001E+12,NA,NA,1.003789683,460,46003,H0429,7,1,1,0.218326,NA,0,1,250000,Not_Border,NY,Exclude_NoFlow,St. Lawrence,F36089,Region_02,H04,Great Lakes Region,H04290005,Raquette,H04,Great Lakes Region,NMRB,Not Mississippi River Basin,0.47200001,NHD100,Non-Urban,Non-Urban,Non-Urban,117,83e,Upper St. Lawrence Valley,83,Eastern Great Lakes Lowlands,8.1,MIXED WOOD PLAINS,8,EASTERN TEMPERATE FORESTS,NAP,Northern Appalachians,EHIGH,Eastern Highlands,Non Federal,Not_USFS,SS,1003.789683,c(501265.602979683, 4948716.06593306),46003,1
Site-010,Base,None,-75.75771013,43.82401544,1,1126541.871,8.88E-07,None,316364,129635086,6.00006E+13,4.1401E+12,NA,NA,0.848875706,460,46006,H0414,8,1,1,2.14807034,NA,0,1,24000,Not_Border,NY,Include,Lewis,F36049,Region_02,H04,Great Lakes Region,H04140102,Salmon-Sandy,H04,Great Lakes Region,NMRB,Not Mississippi River Basin,1.52140002,Not_NHD100,Non-Urban,Non-Urban,Non-Urban,116,58af,Tug Hill Transition,58,Northeastern Highlands,5.3,ATLANTIC HIGHLANDS,5,NORTHERN FORESTS,NAP,Northern Appalachians,EHIGH,Eastern Highlands,Non Federal,Not_USFS,SS,848.8757057,c(439071.914736386, 4852605.90175189),46006,1
Site-011,Base,None,-75.81420162,42.42100449,1,1126541.871,8.88E-07,None,90873,62628104,1.00006E+13,2.0501E+12,NA,NA,0.48042469,460,46006,H0205,5,1,1,0.287622,NA,0,1,50000,Not_Border,NY,Exclude_NoFlow,Chenango,F36017,Region_02,H02,Mid-Atlantic Region,H02050102,Chenango,H02,Mid-Atlantic Region,NMRB,Not Mississippi River Basin,0.58080003,Not_NHD100,Non-Urban,Non-Urban,Non-Urban,158,60a,Glaciated Low Allegheny Plateau,60,Northern Allegheny Plateau,8.1,MIXED WOOD PLAINS,8,EASTERN TEMPERATE FORESTS,NAP,Northern Appalachians,EHIGH,Eastern Highlands,Non Federal,Not_USFS,SS,480.4246897,c(433015.847875425, 4696842.65972406),46006,1
Site-012,Base,None,-79.02923662,42.20964269,1,1126541.871,8.88E-07,None,104307,129444782,2.40004E+13,5.01E+12,NA,NA,1.175224426,460,46006,H0501,6,1,1,0.12455335,NA,0,1,24000,Not_Border,NY,Exclude_NoFlow,Cattaraugus,F36009,Region_02,H05,Ohio Region,H05010002,Conewango,H05_06,Ohio-Tennessee Region,H05_06,Ohio-Tennessee Region,0.16270001,Not_NHD100,Non-Urban,Non-Urban,Non-Urban,150,61c,Low Lime Drift Plain,61,Erie Drift Plain,8.1,MIXED WOOD PLAINS,8,EASTERN TEMPERATE FORESTS,NAP,Northern Appalachians,EHIGH,Eastern Highlands,Non Federal,Not_USFS,SS,1175.224426,c(167378.708397619, 4680917.47383378),46006,1
Site-013,Base,None,-74.52323458,44.03942881,1,1126541.871,8.88E-07,None,209985,132422877,6.00003E+13,4.29001E+12,NA,NA,0.789894301,460,46006,H0429,7,1,1,0.382656,NA,0,1,1.00E+05,Not_Border,NY,Exclude_NoFlow,Hamilton,F36041,Region_02,H04,Great Lakes Region,H04290005,Raquette,H04,Great Lakes Region,NMRB,Not Mississippi River Basin,0.50679999,NHD100,Non-Urban,Non-Urban,Non-Urban,117,58ad,Central Adirondacks,58,Northeastern Highlands,5.3,ATLANTIC HIGHLANDS,5,NORTHERN FORESTS,NAP,Northern Appalachians,EHIGH,Eastern Highlands,Non Federal,Not_USFS,SS,789.894301,c(538198.936025767, 4876362.60891541),46006,1
Site-014,Base,None,-73.95582446,44.54842754,1,1126541.871,8.88E-07,None,338902,129689468,6.00002E+13,4.30011E+12,NA,NA,0.207786417,460,46006,H0430,8,1,1,2.32858563,NA,0,1,50000,Not_Border,NY,Include,Franklin,F36033,Region_02,H02,Mid-Atlantic Region,H04300106,Saranac River,H02,Mid-Atlantic Region,NMRB,Not Mississippi River Basin,2.77660004,Not_NHD100,Non-Urban,Non-Urban,Non-Urban,117,58ad,Central Adirondacks,58,Northeastern Highlands,5.3,ATLANTIC HIGHLANDS,5,NORTHERN FORESTS,NAP,Northern Appalachians,EHIGH,Eastern Highlands,Non Federal,Not_USFS,SS,207.786417,c(582940.944561333, 4933318.62650592),46006,1
Site-015,Base,None,-73.74090456,42.38643084,1,1126541.871,8.88E-07,None,72607,52826853,1.00007E+13,2.02001E+12,957224,Mill Creek,1.429775049,460,46006,H0202,2,1,1,0.353924,NA,0,1,1.00E+05,Not_Border,NY,Exclude_NoFlow,Columbia,F36021,Region_02,H02,Mid-Atlantic Region,H02020006,Middle Hudson,H02,Mid-Atlantic Region,NMRB,Not Mississippi River Basin,0.82629994,NHD100,Non-Urban,Non-Urban,Non-Urban,118,59i,Hudson Valley,59,Northeastern Coastal Zone,8.1,MIXED WOOD PLAINS,8,EASTERN TEMPERATE FORESTS,NAP,Northern Appalachians,EHIGH,Eastern Highlands,Non Federal,Not_USFS,SS,1429.775049,c(603642.794639815, 4693450.40527985),46006,1
Site-016,Base,None,-77.04374777,42.19992248,1,1126541.871,8.88E-07,None,34710,48520850,1.00006E+13,2.05011E+12,NA,NA,2.079263979,460,46003,H0205,4,1,1,0.71102,NA,0,1,1.00E+05,Not_Border,NY,Exclude_NoFlow,Steuben,F36101,Region_02,H02,Mid-Atlantic Region,H02050105,Chemung,H02,Mid-Atlantic Region,NMRB,Not Mississippi River Basin,2.01720001,NHD100,Non-Urban,Non-Urban,Non-Urban,158,60a,Glaciated Low Allegheny Plateau,60,Northern Allegheny Plateau,8.1,MIXED WOOD PLAINS,8,EASTERN TEMPERATE FORESTS,NAP,Northern Appalachians,EHIGH,Eastern Highlands,Non Federal,Not_USFS,SS,2079.263979,c(331268.949476632, 4673995.65424723),46003,1
Site-017,Base,None,-78.53912015,43.20929344,1,1126541.871,8.88E-07,None,174214,{ACA0C5D6-9C90-4E04-8943-A4DA20FF21D6},6.00007E+13,4.13E+12,973412,Erie Canal,0.806846319,558,55800,H0413,9,1,1,6.11307915,124617971,0,1,5.00E+05,Not_Border,NY,Include,Niagara,F36063,Region_02,H04,Great Lakes Region,H04130001,Oak Orchard-Twelvemile,H04,Great Lakes Region,NMRB,Not Mississippi River Basin,13.53889998,NHD100,Non-Urban,Non-Urban,Non-Urban,116,83c,Ontario Lowlands,83,Eastern Great Lakes Lowlands,8.1,MIXED WOOD PLAINS,8,EASTERN TEMPERATE FORESTS,NAP,Northern Appalachians,EHIGH,Eastern Highlands,Non Federal,Not_USFS,SS,806.8463187,c(212501.510302715, 4790140.26084293),55800,1
Site-018,Base,None,-74.39671107,43.60286113,1,1126541.871,8.88E-07,None,308714,89358243,1.00007E+13,2.02E+12,NA,NA,0.772898812,460,46006,H0202,4,1,1,1.85749,NA,0,1,0,Not_Border,NY,Include,Hamilton,F36041,Region_02,H02,Mid-Atlantic Region,H02020001,Upper Hudson,H02,Mid-Atlantic Region,NMRB,Not Mississippi River Basin,2.31360001,NHD100,Non-Urban,Non-Urban,Non-Urban,118,58aa,Acid Sensitive Adirondacks,58,Northeastern Highlands,5.3,ATLANTIC HIGHLANDS,5,NORTHERN FORESTS,NAP,Northern Appalachians,EHIGH,Eastern Highlands,Non Federal,Not_USFS,SS,772.8988124,c(548689.657201305, 4827941.82681253),46006,1
Site-019,Base,None,-74.61937722,42.51140638,1,1126541.871,8.88E-07,None,39763,43475895,1.00006E+13,2.0501E+12,NA,NA,0.719362409,460,46006,H0205,4,1,1,0.303052,NA,0,1,24000,Not_Border,NY,Exclude_NoFlow,Schoharie,F36095,Region_02,H02,Mid-Atlantic Region,H02050101,Upper Susquehanna,H02,Mid-Atlantic Region,NMRB,Not Mississippi River Basin,0.5113,Not_NHD100,Non-Urban,Non-Urban,Non-Urban,158,60a,Glaciated Low Allegheny Plateau,60,Northern Allegheny Plateau,8.1,MIXED WOOD PLAINS,8,EASTERN TEMPERATE FORESTS,NAP,Northern Appalachians,EHIGH,Eastern Highlands,Non Federal,Not_USFS,SS,719.3624094,c(531268.636966745, 4706629.81165691),46006,1
Site-020,Base,None,-73.68188525,41.50594877,1,1126541.871,8.88E-07,None,33116,{2ea45c77-cc67-4d70-acc9-564c3f4f9b5a},1.00001E+13,2.0301E+12,NA,NA,0.214069947,460,46000,H0203,6,1,1,0.041632,NA,0,1,0,Not_Border,NY,Exclude_NoFlow,Putnam,F36079,Region_02,H02,Mid-Atlantic Region,H02030101,Lower Hudson,H02,Mid-Atlantic Region,NMRB,Not Mississippi River Basin,0.058,NHD100,Urban,Non-Urban,Non-Urban,118,58i,Glaciated Reading Prong/Hudson Highlands,58,Northeastern Highlands,5.3,ATLANTIC HIGHLANDS,5,NORTHERN FORESTS,NAP,Northern Appalachians,EHIGH,Eastern Highlands,Non Federal,Not_USFS,SS,214.0699467,c(610004.640734578, 4595763.27537029),46000,1
Site-021,Base,None,-77.78320384,43.06522431,1,1126541.871,8.88E-07,None,190129,42138409,6.00E+13,4.13E+12,NA,NA,1.697437846,460,46003,H0413,13,1,1,0.27821505,NA,0,1,1.00E+05,Not_Border,NY,Exclude_NoFlow,Monroe,F36055,Region_02,H04,Great Lakes Region,H04130003,Lower Genesee,H04,Great Lakes Region,NMRB,Not Mississippi River Basin,0.69590001,NHD100,Non-Urban,Non-Urban,Non-Urban,116,83c,Ontario Lowlands,83,Eastern Great Lakes Lowlands,8.1,MIXED WOOD PLAINS,8,EASTERN TEMPERATE FORESTS,NAP,Northern Appalachians,EHIGH,Eastern Highlands,Non Federal,Not_USFS,SS,1697.437846,c(273379.58920711, 4771817.83564465),46003,1
Site-022,Base,None,-74.54015704,42.92798077,1,1126541.871,8.88E-07,None,136876,53535159,1.00007E+13,2.02E+12,NA,NA,0.936385323,460,46006,H0202,3,1,1,0.380024,NA,0,1,0,Not_Border,NY,Exclude_NoFlow,Montgomery,F36057,Region_02,H02,Mid-Atlantic Region,H02020004,Mohawk,H02,Mid-Atlantic Region,NMRB,Not Mississippi River Basin,0.7488,NHD100,Non-Urban,Non-Urban,Non-Urban,118,83f,Mohawk Valley,83,Eastern Great Lakes Lowlands,8.1,MIXED WOOD PLAINS,8,EASTERN TEMPERATE FORESTS,NAP,Northern Appalachians,EHIGH,Eastern Highlands,Non Federal,Not_USFS,SS,936.3853228,c(537524.81742896, 4752919.79377367),46006,1
Site-023,Base,None,-75.53644932,42.19013918,1,1126541.871,8.88E-07,None,113762,43485093,1.00006E+13,2.0501E+12,NA,NA,2.203523197,460,46006,H0205,3,1,1,0.751285,NA,0,1,24000,Not_Border,NY,Exclude_NoFlow,Chenango,F36017,Region_02,H02,Mid-Atlantic Region,H02050101,Upper Susquehanna,H02,Mid-Atlantic Region,NMRB,Not Mississippi River Basin,1.43670002,Not_NHD100,Non-Urban,Non-Urban,Non-Urban,158,60a,Glaciated Low Allegheny Plateau,60,Northern Allegheny Plateau,8.1,MIXED WOOD PLAINS,8,EASTERN TEMPERATE FORESTS,NAP,Northern Appalachians,EHIGH,Eastern Highlands,Non Federal,Not_USFS,SS,2203.523197,c(455704.982803292, 4671026.77634235),46006,1
Site-024,Base,None,-78.66856346,42.10395832,1,1126541.871,8.88E-07,None,106885,112359339,2.40004E+13,5.01E+12,NA,NA,0.520339314,460,46003,H0501,4,1,1,1.39652694,NA,0,1,1.00E+05,Not_Border,NY,Include,Cattaraugus,F36009,Region_02,H05,Ohio Region,H05010001,Upper Allegheny,H05_06,Ohio-Tennessee Region,H05_06,Ohio-Tennessee Region,1.7403,NHD100,Non-Urban,Non-Urban,Non-Urban,150,62d,Unglaciated High Allegheny Plateau,62,North Central Appalachians,5.3,ATLANTIC HIGHLANDS,5,NORTHERN FORESTS,NAP,Northern Appalachians,EHIGH,Eastern Highlands,Tribal Land,Not_USFS,SS,520.3393141,c(196652.096912253, 4667834.72948017),46003,1
Site-025,Base,None,-75.04334071,44.92017834,1,1126541.871,8.88E-07,None,327588,167777343,6.00003E+13,4.29001E+12,NA,NA,1.522899509,558,55800,H0429,6,1,1,4.119005,131101372,0,1,5.00E+05,Not_Border,NY,Exclude_Lake,St. Lawrence,F36089,Region_02,H04,Great Lakes Region,H04290008,Raisin River-St. Lawrence River,H04,Great Lakes Region,NMRB,Not Mississippi River Basin,9.89989996,NHD100,Non-Urban,Non-Urban,Non-Urban,117,83d,St. Lawrence Lowlands,83,Eastern Great Lakes Lowlands,8.1,MIXED WOOD PLAINS,8,EASTERN TEMPERATE FORESTS,NAP,Northern Appalachians,EHIGH,Eastern Highlands,Non Federal,Not_USFS,SS,1522.899509,c(496579.349680946, 4974084.20167665),55800,1
Site-026,Base,None,-75.48619977,43.83229011,1,1126541.871,8.88E-07,None,198721,131798264,6.00006E+13,4.1403E+12,NA,NA,1.521141544,460,46003,H0414,8,1,1,0.18642776,NA,0,1,0,Not_Border,NY,Exclude_NoFlow,Lewis,F36049,Region_02,H04,Great Lakes Region,H04140301,Black,H04,Great Lakes Region,NMRB,Not Mississippi River Basin,0.24310001,NHD100,Non-Urban,Non-Urban,Non-Urban,116,83e,Upper St. Lawrence Valley,83,Eastern Great Lakes Lowlands,8.1,MIXED WOOD PLAINS,8,EASTERN TEMPERATE FORESTS,NAP,Northern Appalachians,EHIGH,Eastern Highlands,Non Federal,Not_USFS,SS,1521.141544,c(460909.712468617, 4853360.8121033),46003,1
Site-027,Base,None,-74.51446776,41.68241638,1,1126541.871,8.88E-07,None,63648,61788065,1.00007E+13,2.02001E+12,NA,NA,1.306390854,460,46006,H0202,4,1,1,0.610345,NA,0,1,0,Not_Border,NY,Exclude_NoFlow,Sullivan,F36105,Region_02,H02,Mid-Atlantic Region,H02020007,Rondout,H02,Mid-Atlantic Region,NMRB,Not Mississippi River Basin,0.87410002,NHD100,Non-Urban,Non-Urban,Non-Urban,118,60b,Delaware-Neversink Highlands,60,Northern Allegheny Plateau,8.1,MIXED WOOD PLAINS,8,EASTERN TEMPERATE FORESTS,NAP,Northern Appalachians,EHIGH,Eastern Highlands,Non Federal,Not_USFS,SS,1306.390854,c(540410.000555446, 4614630.12117587),46006,1
Site-028,Base,None,-76.48939424,42.30718535,1,1126541.871,8.88E-07,None,279372,46458049,1.00006E+13,2.0501E+12,NA,NA,2.149601628,460,46003,H0205,4,1,1,1.271514,NA,0,1,1.00E+05,Not_Border,NY,Include,Tompkins,F36109,Region_02,H02,Mid-Atlantic Region,H02050103,Owego-Wappasening,H02,Mid-Atlantic Region,NMRB,Not Mississippi River Basin,2.683,NHD100,Non-Urban,Non-Urban,Non-Urban,116,60a,Glaciated Low Allegheny Plateau,60,Northern Allegheny Plateau,8.1,MIXED WOOD PLAINS,8,EASTERN TEMPERATE FORESTS,NAP,Northern Appalachians,EHIGH,Eastern Highlands,Non Federal,Not_USFS,SS,2149.601628,c(377245.612704258, 4684957.6390108),46003,1
Site-029,Base,None,-74.86794293,43.95790524,1,1126541.871,8.88E-07,None,256983,131801416,6.00006E+13,4.1403E+12,NA,NA,5.619532539,460,46006,H0414,8,1,1,9.57403141,NA,0,1,250000,Not_Border,NY,Include,Herkimer,F36043,Region_02,H04,Great Lakes Region,H04140301,Black,H04,Great Lakes Region,NMRB,Not Mississippi River Basin,9.76860007,NHD100,Non-Urban,Non-Urban,Non-Urban,116,58aa,Acid Sensitive Adirondacks,58,Northeastern Highlands,5.3,ATLANTIC HIGHLANDS,5,NORTHERN FORESTS,NAP,Northern Appalachians,EHIGH,Eastern Highlands,Non Federal,Not_USFS,SS,5619.532539,c(510595.04159152, 4867205.96157545),46006,1
Site-030,Base,None,-73.88827621,44.76434257,1,1126541.871,8.88E-07,None,207799,132872968,6.00002E+13,4.3002E+12,NA,NA,0.365402766,460,46003,H0430,8,1,1,0.57032502,NA,0,1,1.00E+05,Not_Border,NY,Exclude_NoFlow,Clinton,F36019,Region_02,H04,Great Lakes Region,H04300201,Chateaugay-English,H04,Great Lakes Region,NMRB,Not Mississippi River Basin,0.62229996,NHD100,Non-Urban,Non-Urban,Non-Urban,117,58ab,Northern and Western Adirondack Foothills,58,Northeastern Highlands,5.3,ATLANTIC HIGHLANDS,5,NORTHERN FORESTS,NAP,Northern Appalachians,EHIGH,Eastern Highlands,Non Federal,Not_USFS,SS,365.402766,c(587979.321339405, 4957373.48501885),46003,1
Site-031,Base,None,-73.78526523,42.7380342,1,1126541.871,8.88E-07,None,130728,53538797,1.00007E+13,2.02E+12,NA,NA,0.658586901,460,46006,H0202,4,1,1,0.157477,NA,0,1,0,Not_Border,NY,Exclude_NoFlow,Albany,F36001,Region_02,H02,Mid-Atlantic Region,H02020004,Mohawk,H02,Mid-Atlantic Region,NMRB,Not Mississippi River Basin,0.4028,NHD100,Urban,Urban,Urban,118,59i,Hudson Valley,59,Northeastern Coastal Zone,8.1,MIXED WOOD PLAINS,8,EASTERN TEMPERATE FORESTS,NAP,Northern Appalachians,EHIGH,Eastern Highlands,Non Federal,Not_USFS,SS,658.5869007,c(599431.216492301, 4732439.97597197),46006,1
Site-032,Base,None,-76.52711149,42.18657696,1,1126541.871,8.88E-07,None,77037,46461799,1.00006E+13,2.0501E+12,NA,NA,1.021484595,460,46003,H0205,7,1,1,0.232287,NA,0,1,24000,Not_Border,NY,Exclude_NoFlow,Tioga,F36107,Region_02,H02,Mid-Atlantic Region,H02050103,Owego-Wappasening,H02,Mid-Atlantic Region,NMRB,Not Mississippi River Basin,0.49629999,Not_NHD100,Non-Urban,Non-Urban,Non-Urban,158,60a,Glaciated Low Allegheny Plateau,60,Northern Allegheny Plateau,8.1,MIXED WOOD PLAINS,8,EASTERN TEMPERATE FORESTS,NAP,Northern Appalachians,EHIGH,Eastern Highlands,Non Federal,Not_USFS,SS,1021.484595,c(373896.887682453, 4671620.67912557),46003,1
Site-033,Base,None,-78.60412818,43.05246724,1,1126541.871,8.88E-07,None,225388,118009065,6.00008E+13,4.2701E+12,NA,NA,1.467016575,460,46003,H0427,9,1,1,0.93535025,NA,0,1,1.00E+05,Not_Border,NY,Exclude_NoFlow,Erie,F36029,Region_02,H04,Great Lakes Region,H04270101,Niagara River,H04,Great Lakes Region,NMRB,Not Mississippi River Basin,1.86710001,NHD100,Non-Urban,Non-Urban,Non-Urban,116,83c,Ontario Lowlands,83,Eastern Great Lakes Lowlands,8.1,MIXED WOOD PLAINS,8,EASTERN TEMPERATE FORESTS,NAP,Northern Appalachians,EHIGH,Eastern Highlands,Non Federal,Not_USFS,SS,1467.016575,c(206470.121354692, 4772947.99763472),46003,1
Site-034,Base,None,-74.51610827,43.80343851,1,1126541.871,8.88E-07,None,308307,132420912,6.00003E+13,4.29001E+12,NA,NA,0.967087927,460,46003,H0429,9,1,1,0.282631,NA,0,1,50000,Not_Border,NY,Exclude_NoFlow,Hamilton,F36041,Region_02,H04,Great Lakes Region,H04290005,Raquette,H04,Great Lakes Region,NMRB,Not Mississippi River Basin,0.3259,Not_NHD100,Non-Urban,Non-Urban,Non-Urban,117,58aa,Acid Sensitive Adirondacks,58,Northeastern Highlands,5.3,ATLANTIC HIGHLANDS,5,NORTHERN FORESTS,NAP,Northern Appalachians,EHIGH,Eastern Highlands,Non Federal,Not_USFS,SS,967.0879275,c(538923.459832042, 4850155.33821627),46003,1
Site-035,Base,None,-74.18017422,42.3612067,1,1126541.871,8.88E-07,None,22687,52827823,1.00007E+13,2.02001E+12,NA,NA,0.149825505,460,46006,H0202,5,1,1,0.035902,NA,0,1,24000,Not_Border,NY,Exclude_NoFlow,Greene,F36039,Region_02,H02,Mid-Atlantic Region,H02020006,Middle Hudson,H02,Mid-Atlantic Region,NMRB,Not Mississippi River Basin,0.05999999,Not_NHD100,Non-Urban,Non-Urban,Non-Urban,118,60c,Catskills Transition,60,Northern Allegheny Plateau,8.1,MIXED WOOD PLAINS,8,EASTERN TEMPERATE FORESTS,NAP,Northern Appalachians,EHIGH,Eastern Highlands,Non Federal,Not_USFS,SS,149.8255053,c(567510.910070257, 4690207.31225308),46006,1
Site-036,Base,None,-78.83593908,42.37902803,1,1126541.871,8.88E-07,None,120022,87209898,6.00011E+13,4.1201E+12,NA,NA,1.324658209,460,46003,H0412,9,1,1,0.23608969,NA,0,1,50000,Not_Border,NY,Exclude_NoFlow,Cattaraugus,F36009,Region_02,H04,Great Lakes Region,H04120102,Cattaraugus,H04,Great Lakes Region,NMRB,Not Mississippi River Basin,0.3185,Not_NHD100,Non-Urban,Non-Urban,Non-Urban,116,60a,Glaciated Low Allegheny Plateau,60,Northern Allegheny Plateau,8.1,MIXED WOOD PLAINS,8,EASTERN TEMPERATE FORESTS,NAP,Northern Appalachians,EHIGH,Eastern Highlands,Non Federal,Not_USFS,SS,1324.658209,c(184186.988719535, 4698992.0104913),46003,1
Site-037,Base,None,-76.69870092,42.94494903,1,1126541.871,8.88E-07,None,252970,87938614,6.00006E+13,4.1402E+12,NA,NA,1.57311583,460,46006,H0414,7,1,1,0.73620046,NA,0,1,50000,Not_Border,NY,Exclude_NoFlow,Cayuga,F36011,Region_02,H04,Great Lakes Region,H04140201,Seneca,H04,Great Lakes Region,NMRB,Not Mississippi River Basin,1.70579999,Not_NHD100,Non-Urban,Non-Urban,Non-Urban,116,83c,Ontario Lowlands,83,Eastern Great Lakes Lowlands,8.1,MIXED WOOD PLAINS,8,EASTERN TEMPERATE FORESTS,NAP,Northern Appalachians,EHIGH,Eastern Highlands,Non Federal,Not_USFS,SS,1573.11583,c(361416.650655316, 4756101.34527868),46006,1
Site-038,Base,None,-74.99392661,42.97225133,1,1126541.871,8.88E-07,None,121980,53533325,1.00007E+13,2.02E+12,NA,NA,1.592394281,460,46006,H0202,5,1,1,0.470199,NA,0,1,0,Not_Border,NY,Exclude_NoFlow,Herkimer,F36043,Region_02,H02,Mid-Atlantic Region,H02020004,Mohawk,H02,Mid-Atlantic Region,NMRB,Not Mississippi River Basin,0.80970001,NHD100,Non-Urban,Non-Urban,Non-Urban,118,83f,Mohawk Valley,83,Eastern Great Lakes Lowlands,8.1,MIXED WOOD PLAINS,8,EASTERN TEMPERATE FORESTS,NAP,Northern Appalachians,EHIGH,Eastern Highlands,Non Federal,Not_USFS,SS,1592.394281,c(500495.254466835, 4757733.37887999),46006,1
Site-039,Base,None,-74.8617962,42.06938441,1,1126541.871,8.88E-07,None,291562,25533042,1.00002E+13,2.0401E+12,NA,NA,0.878865398,460,46003,H0204,2,1,1,0.384724,NA,0,1,0,Not_Border,NY,Exclude_NoFlow,Delaware,F36025,Region_02,H02,Mid-Atlantic Region,H02040102,East Branch Delaware,H02,Mid-Atlantic Region,NMRB,Not Mississippi River Basin,0.5741,NHD100,Non-Urban,Non-Urban,Non-Urban,118,58y,Catskill High Peaks,58,Northeastern Highlands,5.3,ATLANTIC HIGHLANDS,5,NORTHERN FORESTS,NAP,Northern Appalachians,EHIGH,Eastern Highlands,Non Federal,Not_USFS,SS,878.8653985,c(511433.268801922, 4657489.18203156),46003,1
Site-040,Base,None,-78.12734024,42.21083908,1,1126541.871,8.88E-07,None,296921,84194563,6.00007E+13,4.13E+12,NA,NA,0.071404594,460,46003,H0413,13,1,1,0.16092788,NA,0,1,1.00E+05,Not_Border,NY,Exclude_NoFlow,Allegany,F36003,Region_02,H04,Great Lakes Region,H04130002,Upper Genesee,H04,Great Lakes Region,NMRB,Not Mississippi River Basin,0.2374,NHD100,Non-Urban,Non-Urban,Non-Urban,116,60e,Glaciated Allegheny Hills,60,Northern Allegheny Plateau,8.1,MIXED WOOD PLAINS,8,EASTERN TEMPERATE FORESTS,NAP,Northern Appalachians,EHIGH,Eastern Highlands,Non Federal,Not_USFS,SS,71.4045938,c(241845.183605401, 4677921.85574066),46003,1
Site-041,Base,None,-74.19259567,44.76506146,1,1126541.871,8.88E-07,None,186074,132873553,6.00002E+13,4.3002E+12,NA,NA,2.379532723,460,46006,H0430,7,1,1,4.33717229,NA,0,1,250000,Not_Border,NY,Include,Franklin,F36033,Region_02,H04,Great Lakes Region,H04300201,Chateaugay-English,H04,Great Lakes Region,NMRB,Not Mississippi River Basin,4.92230004,NHD100,Non-Urban,Non-Urban,Non-Urban,117,58ab,Northern and Western Adirondack Foothills,58,Northeastern Highlands,5.3,ATLANTIC HIGHLANDS,5,NORTHERN FORESTS,NAP,Northern Appalachians,EHIGH,Eastern Highlands,Non Federal,Not_USFS,SS,2379.532723,c(563895.351993371, 4957169.28897334),46006,1
Site-042,Base,None,-74.03729119,44.00636595,1,1126541.871,8.88E-07,None,138568,167102681,1.00007E+13,2.02E+12,NA,NA,0.519003717,460,46006,H0202,2,1,1,2.43172272,NA,0,1,0,Not_Border,NY,Include,Essex,F36031,Region_02,H02,Mid-Atlantic Region,H02020001,Upper Hudson,H02,Mid-Atlantic Region,NMRB,Not Mississippi River Basin,2.95179997,NHD100,Non-Urban,Non-Urban,Non-Urban,118,58ad,Central Adirondacks,58,Northeastern Highlands,5.3,ATLANTIC HIGHLANDS,5,NORTHERN FORESTS,NAP,Northern Appalachians,EHIGH,Eastern Highlands,Non Federal,Not_USFS,SS,519.0037172,c(577176.202098724, 4873030.36545277),46006,1
Site-043,Base,None,-73.67630842,41.85548236,1,1126541.871,8.88E-07,None,69819,37080935,1.00007E+13,2.02001E+12,NA,NA,0.907820783,460,46006,H0202,5,1,1,0.512152,NA,0,1,0,Not_Border,NY,Exclude_NoFlow,Dutchess,F36027,Region_02,H02,Mid-Atlantic Region,H02020008,Hudson-Wappinger,H02,Mid-Atlantic Region,NMRB,Not Mississippi River Basin,0.95980001,NHD100,Non-Urban,Non-Urban,Non-Urban,118,58x,Taconic Foothills,58,Northeastern Highlands,5.3,ATLANTIC HIGHLANDS,5,NORTHERN FORESTS,NAP,Northern Appalachians,EHIGH,Eastern Highlands,Non Federal,Not_USFS,SS,907.8207832,c(609873.773367263, 4634577.75428763),46006,1
Site-044,Base,None,-76.61650631,42.6843166,1,1126541.871,8.88E-07,None,240515,87946484,6.00006E+13,4.1402E+12,970446,Paines Creek,2.465301596,460,46003,H0414,7,1,1,0.90833664,NA,0,1,1.00E+05,Not_Border,NY,Exclude_NoFlow,Cayuga,F36011,Region_02,H04,Great Lakes Region,H04140201,Seneca,H04,Great Lakes Region,NMRB,Not Mississippi River Basin,1.74290002,NHD100,Non-Urban,Non-Urban,Non-Urban,116,60d,Finger Lakes Uplands and Gorges,60,Northern Allegheny Plateau,8.1,MIXED WOOD PLAINS,8,EASTERN TEMPERATE FORESTS,NAP,Northern Appalachians,EHIGH,Eastern Highlands,Non Federal,Not_USFS,SS,2465.301596,c(367567.26882761, 4727026.38977068),46003,1
Site-045,Base,None,-74.26947981,44.24600587,1,1126541.871,8.88E-07,None,306894,129690460,6.00002E+13,4.30011E+12,NA,NA,0.613190716,558,55800,H0430,6,1,1,4.64125611,129691108,0,1,1.00E+05,Not_Border,NY,Include,Franklin,F36033,Region_02,H02,Mid-Atlantic Region,H04300106,Saranac River,H02,Mid-Atlantic Region,NMRB,Not Mississippi River Basin,5.29189998,NHD100,Non-Urban,Non-Urban,Non-Urban,117,58ad,Central Adirondacks,58,Northeastern Highlands,5.3,ATLANTIC HIGHLANDS,5,NORTHERN FORESTS,NAP,Northern Appalachians,EHIGH,Eastern Highlands,Non Federal,Not_USFS,SS,613.1907158,c(558326.30895525, 4899456.20923032),55800,1
Site-046,Base,None,-73.61002763,43.33774543,1,1126541.871,8.88E-07,None,151477,50502867,1.00007E+13,2.02E+12,NA,NA,1.240320953,460,46006,H0202,4,1,1,0.160747,NA,0,1,0,Not_Border,NY,Exclude_NoFlow,Warren,F36113,Region_02,H02,Mid-Atlantic Region,H02020003,Hudson-Hoosic,H02,Mid-Atlantic Region,NMRB,Not Mississippi River Basin,0.39200003,NHD100,Non-Urban,Non-Urban,Non-Urban,118,59i,Hudson Valley,59,Northeastern Coastal Zone,8.1,MIXED WOOD PLAINS,8,EASTERN TEMPERATE FORESTS,NAP,Northern Appalachians,EHIGH,Eastern Highlands,Non Federal,Not_USFS,SS,1240.320953,c(612672.503481538, 4799260.01695796),46006,1
Site-047,Base,None,-73.61564833,40.81223724,1,1126541.871,8.88E-07,None,45554,133270360,1.00001E+13,2.0302E+12,NA,NA,0.25957964,558,55800,H0203,4,1,1,1.585686,133272085,0,1,0,Not_Border,NY,Exclude_Lake,Nassau,F36059,Region_02,H02,Mid-Atlantic Region,H02030201,Northern Long Island,H02,Mid-Atlantic Region,NMRB,Not Mississippi River Basin,2.60050002,NHD100,Urban,Urban,Urban,118,59g,Long Island Sound Coastal Lowland,59,Northeastern Coastal Zone,8.1,MIXED WOOD PLAINS,8,EASTERN TEMPERATE FORESTS,NAP,Northern Appalachians,EHIGH,Eastern Highlands,Non Federal,Not_USFS,SS,259.5796403,c(616757.541860705, 4518835.94168041),55800,1
Site-048,Base,None,-77.00202861,42.44427015,1,1126541.871,8.88E-07,None,60888,48517294,1.00006E+13,2.05011E+12,NA,NA,3.024538414,460,46006,H0205,4,1,1,1.161071,NA,0,1,1.00E+05,Not_Border,NY,Include,Schuyler,F36097,Region_02,H02,Mid-Atlantic Region,H02050105,Chemung,H02,Mid-Atlantic Region,NMRB,Not Mississippi River Basin,3.31120002,NHD100,Non-Urban,Non-Urban,Non-Urban,158,60d,Finger Lakes Uplands and Gorges,60,Northern Allegheny Plateau,8.1,MIXED WOOD PLAINS,8,EASTERN TEMPERATE FORESTS,NAP,Northern Appalachians,EHIGH,Eastern Highlands,Non Federal,Not_USFS,SS,3024.538414,c(335352.003856245, 4701046.67780445),46006,1
Site-049,Base,None,-76.99756063,42.84607097,1,1126541.871,8.88E-07,None,180649,87941700,6.00006E+13,4.1402E+12,971136,White Spring Brook,1.804448804,460,46006,H0414,6,1,1,0.77763217,NA,0,1,1.00E+05,Not_Border,NY,Exclude_NoFlow,Ontario,F36069,Region_02,H04,Great Lakes Region,H04140201,Seneca,H04,Great Lakes Region,NMRB,Not Mississippi River Basin,2.1491,NHD100,Non-Urban,Non-Urban,Non-Urban,116,83c,Ontario Lowlands,83,Eastern Great Lakes Lowlands,8.1,MIXED WOOD PLAINS,8,EASTERN TEMPERATE FORESTS,NAP,Northern Appalachians,EHIGH,Eastern Highlands,Non Federal,Not_USFS,SS,1804.448804,c(336773.738368507, 4745656.81311124),46006,1
Site-050,Base,None,-75.87625909,42.99867997,1,1126541.871,8.88E-07,None,175051,124497579,6.00006E+13,4.1402E+12,NA,NA,1.367928842,460,46003,H0414,8,1,1,1.02251446,NA,0,1,24000,Not_Border,NY,Include,Madison,F36053,Region_02,H04,Great Lakes Region,H04140202,Oneida,H04,Great Lakes Region,NMRB,Not Mississippi River Basin,1.36969999,Not_NHD100,Non-Urban,Non-Urban,Non-Urban,116,60d,Finger Lakes Uplands and Gorges,60,Northern Allegheny Plateau,8.1,MIXED WOOD PLAINS,8,EASTERN TEMPERATE FORESTS,NAP,Northern Appalachians,EHIGH,Eastern Highlands,Non Federal,Not_USFS,SS,1367.928842,c(428575.837783423, 4761040.69984291),46003,1
Site-051,Base,None,-74.30937929,42.78468887,1,1126541.871,8.88E-07,None,158548,33521011,1.00007E+13,2.02001E+12,NA,NA,2.386477302,460,46006,H0202,4,1,1,0.958641,NA,0,1,0,Not_Border,NY,Exclude_NoFlow,Schoharie,F36095,Region_02,H02,Mid-Atlantic Region,H02020005,Schoharie,H02,Mid-Atlantic Region,NMRB,Not Mississippi River Basin,2.19000001,NHD100,Non-Urban,Non-Urban,Non-Urban,118,83f,Mohawk Valley,83,Eastern Great Lakes Lowlands,8.1,MIXED WOOD PLAINS,8,EASTERN TEMPERATE FORESTS,NAP,Northern Appalachians,EHIGH,Eastern Highlands,Non Federal,Not_USFS,SS,2386.477302,c(556487.616273136, 4737136.56021209),46006,1
Site-052,Base,None,-78.56271945,42.63216394,1,1126541.871,8.88E-07,None,237687,108912945,6.00011E+13,4.1201E+12,NA,NA,2.475371131,460,46006,H0412,8,1,1,1.03765287,NA,0,1,1.00E+05,Not_Border,NY,Include,Erie,F36029,Region_02,H04,Great Lakes Region,H04120103,Buffalo-Eighteenmile,H04,Great Lakes Region,NMRB,Not Mississippi River Basin,1.35239999,NHD100,Non-Urban,Non-Urban,Non-Urban,116,60f,Cattaraugus Hills,60,Northern Allegheny Plateau,8.1,MIXED WOOD PLAINS,8,EASTERN TEMPERATE FORESTS,NAP,Northern Appalachians,EHIGH,Eastern Highlands,Non Federal,Not_USFS,SS,2475.371131,c(207866.589905456, 4726124.24885543),46006,1
Site-053,Base,None,-76.21421156,43.17366022,1,1126541.871,8.88E-07,None,250990,124494468,6.00006E+13,4.1402E+12,NA,NA,1.624040872,460,46003,H0414,9,1,1,1.14627819,NA,0,1,24000,Not_Border,NY,Include,Onondaga,F36067,Region_02,H04,Great Lakes Region,H04140202,Oneida,H04,Great Lakes Region,NMRB,Not Mississippi River Basin,1.65789996,Not_NHD100,Urban,Urban,Urban,116,83c,Ontario Lowlands,83,Eastern Great Lakes Lowlands,8.1,MIXED WOOD PLAINS,8,EASTERN TEMPERATE FORESTS,NAP,Northern Appalachians,EHIGH,Eastern Highlands,Non Federal,Not_USFS,SS,1624.040872,c(401310.309806316, 4780815.30871517),46003,1
Site-054,Base,None,-75.22396978,43.61657357,1,1126541.871,8.88E-07,None,241922,131813216,6.00006E+13,4.1403E+12,NA,NA,0.15472049,460,46006,H0414,9,1,1,0.68706427,NA,0,1,50000,Not_Border,NY,Exclude_NoFlow,Lewis,F36049,Region_02,H04,Great Lakes Region,H04140301,Black,H04,Great Lakes Region,NMRB,Not Mississippi River Basin,0.64949997,Not_NHD100,Non-Urban,Non-Urban,Non-Urban,116,58ab,Northern and Western Adirondack Foothills,58,Northeastern Highlands,5.3,ATLANTIC HIGHLANDS,5,NORTHERN FORESTS,NAP,Northern Appalachians,EHIGH,Eastern Highlands,Non Federal,Not_USFS,SS,154.7204898,c(481928.185088843, 4829312.31143336),46006,1
Site-055,Base,None,-75.39709958,42.28934953,1,1126541.871,8.88E-07,None,81389,43483357,1.00006E+13,2.0501E+12,NA,NA,2.990856928,460,46006,H0205,2,1,1,1.38746,NA,0,1,1.00E+05,Not_Border,NY,Include,Delaware,F36025,Region_02,H02,Mid-Atlantic Region,H02050101,Upper Susquehanna,H02,Mid-Atlantic Region,NMRB,Not Mississippi River Basin,2.6675,NHD100,Urban,Urban,Urban,158,60a,Glaciated Low Allegheny Plateau,60,Northern Allegheny Plateau,8.1,MIXED WOOD PLAINS,8,EASTERN TEMPERATE FORESTS,NAP,Northern Appalachians,EHIGH,Eastern Highlands,Non Federal,Not_USFS,SS,2990.856928,c(467262.539263666, 4681979.52010666),46006,1
Site-056,Base,None,-78.02608807,42.0165832,1,1126541.871,8.88E-07,None,119082,112359171,2.40004E+13,5.01E+12,NA,NA,2.109032668,460,46003,H0501,5,1,1,1.14549657,NA,0,1,1.00E+05,Not_Border,NY,Include,Allegany,F36003,Region_02,H05,Ohio Region,H05010001,Upper Allegheny,H05_06,Ohio-Tennessee Region,H05_06,Ohio-Tennessee Region,1.77670002,NHD100,Non-Urban,Non-Urban,Non-Urban,150,62d,Unglaciated High Allegheny Plateau,62,North Central Appalachians,5.3,ATLANTIC HIGHLANDS,5,NORTHERN FORESTS,NAP,Northern Appalachians,EHIGH,Eastern Highlands,Non Federal,Not_USFS,SS,2109.032668,c(249439.361267331, 4656048.48610241),46003,1
Site-057,Base,None,-75.98682428,44.13790767,1,1126541.871,8.88E-07,None,167020,129617347,6.00006E+13,4.1403E+12,NA,NA,1.62419575,460,46006,H0414,8,1,1,1.9916454,NA,0,1,50000,Not_Border,NY,Include,Jefferson,F36045,Region_02,H04,Great Lakes Region,H04140302,Chaumont-Perch,H04,Great Lakes Region,NMRB,Not Mississippi River Basin,3.01339991,Not_NHD100,Non-Urban,Non-Urban,Non-Urban,116,83c,Ontario Lowlands,83,Eastern Great Lakes Lowlands,8.1,MIXED WOOD PLAINS,8,EASTERN TEMPERATE FORESTS,NAP,Northern Appalachians,EHIGH,Eastern Highlands,Non Federal,Not_USFS,SS,1624.19575,c(421065.60603177, 4887663.52545346),46006,1
Site-058,Base,None,-73.66742794,44.4212404,1,1126541.871,8.88E-07,None,202490,115350267,6.00002E+13,4.3001E+12,NA,NA,2.04841309,460,46006,H0430,6,1,1,1.4913506,NA,0,1,1.00E+05,Not_Border,NY,Include,Essex,F36031,Region_02,H02,Mid-Atlantic Region,H04300104,Ausable River,H02,Mid-Atlantic Region,NMRB,Not Mississippi River Basin,2.40970002,NHD100,Non-Urban,Non-Urban,Non-Urban,117,58ac,Eastern Adirondack Foothills,58,Northeastern Highlands,5.3,ATLANTIC HIGHLANDS,5,NORTHERN FORESTS,NAP,Northern Appalachians,EHIGH,Eastern Highlands,Non Federal,Not_USFS,SS,2048.41309,c(606079.20229043, 4919524.31488283),46006,1
Site-059,Base,None,-73.82999,42.07282866,1,1126541.871,8.88E-07,None,64691,52838227,1.00007E+13,2.02001E+12,966559,Stony Creek,0.881381165,460,46003,H0202,2,1,1,0.889723,NA,0,1,1.00E+05,Not_Border,NY,Exclude_NoFlow,Columbia,F36021,Region_02,H02,Mid-Atlantic Region,H02020006,Middle Hudson,H02,Mid-Atlantic Region,NMRB,Not Mississippi River Basin,1.73600005,NHD100,Non-Urban,Non-Urban,Non-Urban,118,59i,Hudson Valley,59,Northeastern Coastal Zone,8.1,MIXED WOOD PLAINS,8,EASTERN TEMPERATE FORESTS,NAP,Northern Appalachians,EHIGH,Eastern Highlands,Non Federal,Not_USFS,SS,881.3811653,c(596787.577380909, 4658524.59340021),46003,1
Site-060,Base,None,-77.6176944,42.14070978,1,1126541.871,8.88E-07,None,95313,57348521,1.00006E+13,2.0501E+12,NA,NA,1.888859883,460,46006,H0205,7,1,1,0.695302,NA,0,1,24000,Not_Border,NY,Exclude_NoFlow,Steuben,F36101,Region_02,H02,Mid-Atlantic Region,H02050104,Tioga,H02,Mid-Atlantic Region,NMRB,Not Mississippi River Basin,1.63300003,Not_NHD100,Non-Urban,Non-Urban,Non-Urban,158,60a,Glaciated Low Allegheny Plateau,60,Northern Allegheny Plateau,8.1,MIXED WOOD PLAINS,8,EASTERN TEMPERATE FORESTS,NAP,Northern Appalachians,EHIGH,Eastern Highlands,Non Federal,Not_USFS,SS,1888.859883,c(283679.406771935, 4668716.04123048),46006,1
Site-061,Base,None,-75.60168816,44.60580756,1,1126541.871,8.88E-07,None,218558,131099537,6.00003E+13,4.29E+12,NA,NA,3.285359462,460,46003,H0429,6,1,1,1.341821,NA,0,1,1.00E+05,Not_Border,NY,Include,St. Lawrence,F36089,Region_02,H04,Great Lakes Region,H04290001,Headwaters St. Lawrence River,H04,Great Lakes Region,NMRB,Not Mississippi River Basin,3.3318,NHD100,Non-Urban,Non-Urban,Non-Urban,117,83d,St. Lawrence Lowlands,83,Eastern Great Lakes Lowlands,8.1,MIXED WOOD PLAINS,8,EASTERN TEMPERATE FORESTS,NAP,Northern Appalachians,EHIGH,Eastern Highlands,Non Federal,Not_USFS,SS,3285.359462,c(452253.721302667, 4939338.18684559),46003,1
Site-062,Base,None,-73.4826587,43.59286246,1,1126541.871,8.88E-07,None,202178,165902507,6.00002E+13,4.30011E+12,NA,NA,0.119569321,558,55800,H0430,8,1,1,0.25912612,165902505,0,1,50000,Not_Border,NY,Exclude_Lake,Washington,F36115,Region_02,H02,Mid-Atlantic Region,H04300108,Lake Champlain,H02,Mid-Atlantic Region,NMRB,Not Mississippi River Basin,0.1875,Not_NHD100,Non-Urban,Non-Urban,Non-Urban,117,58ac,Eastern Adirondack Foothills,58,Northeastern Highlands,5.3,ATLANTIC HIGHLANDS,5,NORTHERN FORESTS,NAP,Northern Appalachians,EHIGH,Eastern Highlands,Non Federal,Not_USFS,SS,119.5693206,c(622481.000828204, 4827773.00742427),55800,1
Site-063,Base,None,-72.34881384,40.90235901,1,1126541.871,8.88E-07,None,39226,139721172,1.00001E+13,2.0302E+12,NA,NA,0.731528033,558,55800,H0203,3,1,1,0.08925,139726008,0,1,0,Not_Border,NY,Exclude_Connector,Suffolk,F36103,Region_02,H02,Mid-Atlantic Region,H02030202,Southern Long Island,H02,Mid-Atlantic Region,NMRB,Not Mississippi River Basin,0.1465,NHD100,Urban,Non-Urban,Non-Urban,118,84c,Barrier Islands/Coastal Marshes,84,Atlantic Coastal Pine Barrens,8.5,MISSISSIPPI ALLUVIAL AND SOUTHEAST USA COASTAL PLAINS,8,EASTERN TEMPERATE FORESTS,CPL,Coastal Plains,PLNLOW,Plains and Lowlands,Non Federal,Not_USFS,SS,731.5280328,c(723309.044303579, 4531302.23995556),55800,1
Site-064,Base,None,-77.72023915,42.67651017,1,1126541.871,8.88E-07,None,168760,42146771,6.00007E+13,4.13E+12,NA,NA,1.012120265,460,46006,H0413,13,1,1,0.12484367,NA,0,1,24000,Not_Border,NY,Exclude_NoFlow,Livingston,F36051,Region_02,H04,Great Lakes Region,H04130003,Lower Genesee,H04,Great Lakes Region,NMRB,Not Mississippi River Basin,0.2867,Not_NHD100,Non-Urban,Non-Urban,Non-Urban,116,60d,Finger Lakes Uplands and Gorges,60,Northern Allegheny Plateau,8.1,MIXED WOOD PLAINS,8,EASTERN TEMPERATE FORESTS,NAP,Northern Appalachians,EHIGH,Eastern Highlands,Non Federal,Not_USFS,SS,1012.120265,c(277111.267499015, 4728480.81984739),46006,1
Site-065,Base,None,-78.25813566,42.55501428,1,1126541.871,8.88E-07,None,254506,84186107,6.00007E+13,4.13E+12,NA,NA,0.165424218,460,46006,H0413,13,1,1,0.10932352,NA,0,1,24000,Not_Border,NY,Exclude_NoFlow,Wyoming,F36121,Region_02,H04,Great Lakes Region,H04130002,Upper Genesee,H04,Great Lakes Region,NMRB,Not Mississippi River Basin,0.12029999,Not_NHD100,Non-Urban,Non-Urban,Non-Urban,116,60a,Glaciated Low Allegheny Plateau,60,Northern Allegheny Plateau,8.1,MIXED WOOD PLAINS,8,EASTERN TEMPERATE FORESTS,NAP,Northern Appalachians,EHIGH,Eastern Highlands,Non Federal,Not_USFS,SS,165.4242182,c(232513.891831507, 4716548.19156694),46006,1
Site-066,Base,None,-75.96223434,42.53897193,1,1126541.871,8.88E-07,None,123346,62624786,1.00006E+13,2.0501E+12,NA,NA,1.346317038,460,46006,H0205,6,1,1,0.880836,NA,0,1,1.00E+05,Not_Border,NY,Exclude_NoFlow,Cortland,F36023,Region_02,H02,Mid-Atlantic Region,H02050102,Chenango,H02,Mid-Atlantic Region,NMRB,Not Mississippi River Basin,1.53739999,NHD100,Non-Urban,Non-Urban,Non-Urban,158,60a,Glaciated Low Allegheny Plateau,60,Northern Allegheny Plateau,8.1,MIXED WOOD PLAINS,8,EASTERN TEMPERATE FORESTS,NAP,Northern Appalachians,EHIGH,Eastern Highlands,Non Federal,Not_USFS,SS,1346.317038,c(420985.716563473, 4710069.08318349),46006,1
Site-067,Base,None,-74.8002782,43.8879298,1,1126541.871,8.88E-07,None,323688,131808198,6.00006E+13,4.1403E+12,NA,NA,0.820739886,460,46006,H0414,10,1,1,1.48629298,NA,0,1,1.00E+05,Not_Border,NY,Include,Hamilton,F36041,Region_02,H04,Great Lakes Region,H04140301,Black,H04,Great Lakes Region,NMRB,Not Mississippi River Basin,1.31079998,NHD100,Non-Urban,Non-Urban,Non-Urban,116,58aa,Acid Sensitive Adirondacks,58,Northeastern Highlands,5.3,ATLANTIC HIGHLANDS,5,NORTHERN FORESTS,NAP,Northern Appalachians,EHIGH,Eastern Highlands,Non Federal,Not_USFS,SS,820.7398858,c(516042.628578548, 4859444.95653073),46006,1
Site-068,Base,None,-76.28934544,42.80833419,1,1126541.871,8.88E-07,None,194059,87942814,6.00006E+13,4.1402E+12,952050,Hall Creek,1.890781716,460,46006,H0414,7,1,1,0.79113055,NA,0,1,50000,Not_Border,NY,Exclude_NoFlow,Onondaga,F36067,Region_02,H04,Great Lakes Region,H04140201,Seneca,H04,Great Lakes Region,NMRB,Not Mississippi River Basin,1.0935,Not_NHD100,Non-Urban,Non-Urban,Non-Urban,116,60d,Finger Lakes Uplands and Gorges,60,Northern Allegheny Plateau,8.1,MIXED WOOD PLAINS,8,EASTERN TEMPERATE FORESTS,NAP,Northern Appalachians,EHIGH,Eastern Highlands,Non Federal,Not_USFS,SS,1890.781716,c(394580.821548025, 4740337.10282283),46006,1
Site-069,Base,None,-73.7142009,42.85811151,1,1126541.871,8.88E-07,None,158203,50517093,1.00007E+13,2.02E+12,NA,NA,1.458788865,460,46006,H0202,3,1,1,0.545232,NA,0,1,50000,Not_Border,NY,Exclude_NoFlow,Saratoga,F36091,Region_02,H02,Mid-Atlantic Region,H02020003,Hudson-Hoosic,H02,Mid-Atlantic Region,NMRB,Not Mississippi River Basin,1.37960002,Not_NHD100,Non-Urban,Non-Urban,Non-Urban,118,59i,Hudson Valley,59,Northeastern Coastal Zone,8.1,MIXED WOOD PLAINS,8,EASTERN TEMPERATE FORESTS,NAP,Northern Appalachians,EHIGH,Eastern Highlands,Non Federal,Not_USFS,SS,1458.788865,c(605044.869937291, 4745860.30658031),46006,1
Site-070,Base,None,-74.85215793,42.79434138,1,1126541.871,8.88E-07,None,145679,43469535,1.00006E+13,2.0501E+12,NA,NA,0.816754319,460,46006,H0205,3,1,1,1.517337,NA,0,1,1.00E+05,Not_Border,NY,Include,Otsego,F36077,Region_02,H02,Mid-Atlantic Region,H02050101,Upper Susquehanna,H02,Mid-Atlantic Region,NMRB,Not Mississippi River Basin,2.47410001,NHD100,Non-Urban,Non-Urban,Non-Urban,158,83f,Mohawk Valley,83,Eastern Great Lakes Lowlands,8.1,MIXED WOOD PLAINS,8,EASTERN TEMPERATE FORESTS,NAP,Northern Appalachians,EHIGH,Eastern Highlands,Non Federal,Not_USFS,SS,816.7543195,c(512090.476267606, 4737987.76498323),46006,1
Site-071,Base,None,-76.67750602,42.57828225,1,1126541.871,8.88E-07,None,223931,87950200,6.00006E+13,4.1402E+12,NA,NA,2.100698952,460,46006,H0414,7,1,1,0.44700349,NA,0,1,50000,Not_Border,NY,Exclude_NoFlow,Seneca,F36099,Region_02,H04,Great Lakes Region,H04140201,Seneca,H04,Great Lakes Region,NMRB,Not Mississippi River Basin,0.94090001,Not_NHD100,Non-Urban,Non-Urban,Non-Urban,116,60d,Finger Lakes Uplands and Gorges,60,Northern Allegheny Plateau,8.1,MIXED WOOD PLAINS,8,EASTERN TEMPERATE FORESTS,NAP,Northern Appalachians,EHIGH,Eastern Highlands,Non Federal,Not_USFS,SS,2100.698952,c(362336.185193553, 4715349.21185296),46006,1
Site-072,Base,None,-72.77318876,40.7888454,1,1126541.871,8.88E-07,None,75319,139722612,1.00001E+13,2.0302E+12,NA,NA,0.105642029,558,55800,H0203,3,1,1,0.000353,139727182,0,1,0,Not_Border,NY,Exclude_Estuary,Suffolk,F36103,Region_02,H02,Mid-Atlantic Region,H02030202,Southern Long Island,H02,Mid-Atlantic Region,NMRB,Not Mississippi River Basin,6.00E-04,NHD100,Urban,Non-Urban,Non-Urban,118,84c,Barrier Islands/Coastal Marshes,84,Atlantic Coastal Pine Barrens,8.5,MISSISSIPPI ALLUVIAL AND SOUTHEAST USA COASTAL PLAINS,8,EASTERN TEMPERATE FORESTS,CPL,Coastal Plains,PLNLOW,Plains and Lowlands,Non Federal,Not_USFS,SS,105.6420294,c(687881.652374797, 4517703.0969101),55800,1
Site-073,Base,None,-75.38647433,43.56971771,1,1126541.871,8.88E-07,None,165483,131836745,6.00006E+13,4.1403E+12,NA,NA,0.063031793,558,55800,H0414,8,1,1,0.00350804,131846699,0,1,50000,Not_Border,NY,Exclude_Lake,Lewis,F36049,Region_02,H04,Great Lakes Region,H04140301,Black,H04,Great Lakes Region,NMRB,Not Mississippi River Basin,0.0026,Not_NHD100,Non-Urban,Non-Urban,Non-Urban,116,83e,Upper St. Lawrence Valley,83,Eastern Great Lakes Lowlands,8.1,MIXED WOOD PLAINS,8,EASTERN TEMPERATE FORESTS,NAP,Northern Appalachians,EHIGH,Eastern Highlands,Non Federal,Not_USFS,SS,63.0317929,c(468791.703841291, 4824156.68588086),55800,1
Site-074,Base,None,-75.97911106,44.2391727,1,1126541.871,8.88E-07,None,180294,131100539,6.00003E+13,4.29E+12,NA,NA,1.754295725,460,46006,H0429,8,1,1,0.760181,NA,0,1,1.00E+05,Not_Border,NY,Exclude_NoFlow,Jefferson,F36045,Region_02,H04,Great Lakes Region,H04290001,Headwaters St. Lawrence River,H04,Great Lakes Region,NMRB,Not Mississippi River Basin,1.64989997,NHD100,Non-Urban,Non-Urban,Non-Urban,116,83c,Ontario Lowlands,83,Eastern Great Lakes Lowlands,8.1,MIXED WOOD PLAINS,8,EASTERN TEMPERATE FORESTS,NAP,Northern Appalachians,EHIGH,Eastern Highlands,Non Federal,Not_USFS,SS,1754.295725,c(421816.56252167, 4898903.85997826),46006,1
Site-075,Base,None,-77.43419387,42.75140496,1,1126541.871,8.88E-07,None,248445,42145401,6.00007E+13,4.13E+12,NA,NA,0.63520172,460,46006,H0413,13,1,1,0.29145369,NA,0,1,1.00E+05,Not_Border,NY,Exclude_NoFlow,Ontario,F36069,Region_02,H04,Great Lakes Region,H04130003,Lower Genesee,H04,Great Lakes Region,NMRB,Not Mississippi River Basin,0.45790001,NHD100,Non-Urban,Non-Urban,Non-Urban,116,60d,Finger Lakes Uplands and Gorges,60,Northern Allegheny Plateau,8.1,MIXED WOOD PLAINS,8,EASTERN TEMPERATE FORESTS,NAP,Northern Appalachians,EHIGH,Eastern Highlands,Non Federal,Not_USFS,SS,635.20172,c(300790.079376822, 4736082.79410488),46006,1
Site-076,Base,None,-73.70103165,44.87817229,2,1059940.57,9.43E-07,None,232464,165902354,6.00002E+13,4.30011E+12,NA,NA,0.192133569,558,55800,H0430,9,2,2,0.81387854,165902351,0,1,1.00E+05,Not_Border,NY,Exclude_Lake,Clinton,F36019,Region_02,H02,Mid-Atlantic Region,H04300108,Lake Champlain,H02,Mid-Atlantic Region,NMRB,Not Mississippi River Basin,1.5676,NHD100,Non-Urban,Non-Urban,Non-Urban,117,58ab,Northern and Western Adirondack Foothills,58,Northeastern Highlands,5.3,ATLANTIC HIGHLANDS,5,NORTHERN FORESTS,NAP,Northern Appalachians,EHIGH,Eastern Highlands,Non Federal,Not_USFS,SS,192.1335687,c(602595.350250906, 4970237.70496413),55800,2
Site-077,Base,None,-74.74949221,43.08602856,2,1059940.57,9.43E-07,None,124853,53528423,1.00007E+13,2.02E+12,942762,Bacon Brook,0.394191207,460,46006,H0202,4,2,2,5.96283932,NA,0,1,0,Not_Border,NY,Include,Fulton,F36035,Region_02,H02,Mid-Atlantic Region,H02020004,Mohawk,H02,Mid-Atlantic Region,NMRB,Not Mississippi River Basin,8.0404,NHD100,Non-Urban,Non-Urban,Non-Urban,118,83f,Mohawk Valley,83,Eastern Great Lakes Lowlands,8.1,MIXED WOOD PLAINS,8,EASTERN TEMPERATE FORESTS,NAP,Northern Appalachians,EHIGH,Eastern Highlands,Non Federal,Not_USFS,SS,394.1912075,c(520389.972103398, 4770398.64222284),46006,2
Site-078,Base,None,-77.68640802,42.11570632,2,1059940.57,9.43E-07,None,119941,57348997,1.00006E+13,2.0501E+12,NA,NA,1.679713427,460,46006,H0205,6,2,2,2.55559268,NA,0,1,250000,Not_Border,NY,Include,Steuben,F36101,Region_02,H02,Mid-Atlantic Region,H02050104,Tioga,H02,Mid-Atlantic Region,NMRB,Not Mississippi River Basin,4.41820002,NHD100,Non-Urban,Non-Urban,Non-Urban,158,60e,Glaciated Allegheny Hills,60,Northern Allegheny Plateau,8.1,MIXED WOOD PLAINS,8,EASTERN TEMPERATE FORESTS,NAP,Northern Appalachians,EHIGH,Eastern Highlands,Non Federal,Not_USFS,SS,1679.713427,c(277913.258837081, 4666116.05198899),46006,2
Site-079,Base,None,-74.40801037,42.43349096,2,1059940.57,9.43E-07,None,70356,33526311,1.00007E+13,2.02001E+12,NA,NA,3.722996215,460,46006,H0202,5,2,2,3.02814986,NA,0,1,0,Not_Border,NY,Include,Schoharie,F36095,Region_02,H02,Mid-Atlantic Region,H02020005,Schoharie,H02,Mid-Atlantic Region,NMRB,Not Mississippi River Basin,4.79359996,NHD100,Non-Urban,Non-Urban,Non-Urban,118,60a,Glaciated Low Allegheny Plateau,60,Northern Allegheny Plateau,8.1,MIXED WOOD PLAINS,8,EASTERN TEMPERATE FORESTS,NAP,Northern Appalachians,EHIGH,Eastern Highlands,Non Federal,Not_USFS,SS,3722.996215,c(548693.094277519, 4698077.78885794),46006,2
Site-080,Base,None,-73.35839074,44.27519385,2,1059940.57,9.43E-07,None,220302,92070121,6.00002E+13,4.30011E+12,NA,NA,1.041973108,460,46006,H0430,5,2,2,2.52523515,NA,0,1,250000,Not_Border,NY,Include,Essex,F36031,Region_02,H02,Mid-Atlantic Region,H04300108,Lake Champlain,H02,Mid-Atlantic Region,NMRB,Not Mississippi River Basin,5.19859997,NHD100,Non-Urban,Non-Urban,Non-Urban,117,83b,Champlain Lowlands,83,Eastern Great Lakes Lowlands,8.1,MIXED WOOD PLAINS,8,EASTERN TEMPERATE FORESTS,NAP,Northern Appalachians,EHIGH,Eastern Highlands,Non Federal,Not_USFS,SS,1041.973108,c(631005.18173938, 4903749.10450295),46006,2
Site-081,Base,None,-74.31404714,43.77305704,2,1059940.57,9.43E-07,None,301207,89353057,1.00007E+13,2.02E+12,943322,Bear Trap Brook,3.232338574,460,46006,H0202,3,2,2,4.61210532,NA,0,1,0,Not_Border,NY,Include,Hamilton,F36041,Region_02,H02,Mid-Atlantic Region,H02020001,Upper Hudson,H02,Mid-Atlantic Region,NMRB,Not Mississippi River Basin,6.31619998,NHD100,Non-Urban,Non-Urban,Non-Urban,118,58ad,Central Adirondacks,58,Northeastern Highlands,5.3,ATLANTIC HIGHLANDS,5,NORTHERN FORESTS,NAP,Northern Appalachians,EHIGH,Eastern Highlands,Non Federal,Not_USFS,SS,3232.338574,c(555204.911813842, 4846895.90820338),46006,2
Site-082,Base,None,-79.38386458,42.45099221,2,1059940.57,9.43E-07,None,112474,123920331,6.00011E+13,4.1201E+12,NA,NA,2.148208342,460,46006,H0412,6,2,2,2.07646111,NA,0,1,1.00E+05,Not_Border,NY,Include,Chautauqua,F36013,Region_02,H04,Great Lakes Region,H04120101,Chautauqua-Conneaut,H04,Great Lakes Region,NMRB,Not Mississippi River Basin,4.08129999,NHD100,Urban,Non-Urban,Non-Urban,116,83a,Erie/Ontario Lake Plain,83,Eastern Great Lakes Lowlands,8.1,MIXED WOOD PLAINS,8,EASTERN TEMPERATE FORESTS,NAP,Northern Appalachians,EHIGH,Eastern Highlands,Non Federal,Not_USFS,SS,2148.208342,c(139481.977002748, 4709170.03863836),46006,2
Site-083,Base,None,-75.33922459,41.98131599,2,1059940.57,9.43E-07,None,19074,B98259D8-32B6-4887-BB6E-344CC3FB78D5,1.00002E+13,2.0401E+12,1174637,Faulkner Brook,0.027770334,558,55800,H0204,3,2,2,4.13716851,{115B854B-6E25-4953-8CC7-41E0845E42D0},0,1,250000,Not_Border,NY,Exclude_Connector,Delaware,F36025,Region_02,H02,Mid-Atlantic Region,H02040101,Upper Delaware,H02,Mid-Atlantic Region,NMRB,Not Mississippi River Basin,5.74139995,NHD100,Non-Urban,Non-Urban,Non-Urban,118,60c,Catskills Transition,60,Northern Allegheny Plateau,8.1,MIXED WOOD PLAINS,8,EASTERN TEMPERATE FORESTS,NAP,Northern Appalachians,EHIGH,Eastern Highlands,Non Federal,Not_USFS,SS,27.7703336,c(471897.991859583, 4647757.40963409),55800,2
Site-084,Base,None,-74.346689,44.78008913,2,1059940.57,9.43E-07,None,203963,132873348,6.00003E+13,4.29001E+12,955340,Limekiln Brook,3.541289462,460,46006,H0429,8,2,2,7.529029,NA,0,1,1.00E+06,Not_Border,NY,Include,Franklin,F36033,Region_02,H04,Great Lakes Region,H04290007,Salmon,H04,Great Lakes Region,NMRB,Not Mississippi River Basin,12.25490008,NHD100,Non-Urban,Non-Urban,Non-Urban,117,58ab,Northern and Western Adirondack Foothills,58,Northeastern Highlands,5.3,ATLANTIC HIGHLANDS,5,NORTHERN FORESTS,NAP,Northern Appalachians,EHIGH,Eastern Highlands,Non Federal,Not_USFS,SS,3541.289462,c(551687.495608993, 4958729.13684834),46006,2
Site-085,Base,None,-75.83870231,43.49270182,2,1059940.57,9.43E-07,None,189799,124492647,6.00006E+13,4.1402E+12,956244,Mad River,2.230154319,460,46006,H0414,10,2,2,4.68938465,NA,0,1,1.00E+05,Not_Border,NY,Include,Oswego,F36075,Region_02,H04,Great Lakes Region,H04140202,Oneida,H04,Great Lakes Region,NMRB,Not Mississippi River Basin,4.30979998,NHD100,Non-Urban,Non-Urban,Non-Urban,116,58ae,Tug Hill Plateau,58,Northeastern Highlands,5.3,ATLANTIC HIGHLANDS,5,NORTHERN FORESTS,NAP,Northern Appalachians,EHIGH,Eastern Highlands,Non Federal,Not_USFS,SS,2230.154319,c(432187.377146042, 4815872.47356797),46006,2
Site-086,Base,None,-73.89957278,42.46555875,2,1059940.57,9.43E-07,None,91591,52823895,1.00007E+13,2.02001E+12,NA,NA,1.486492595,460,46006,H0202,3,2,2,2.43802308,NA,0,1,250000,Not_Border,NY,Include,Albany,F36001,Region_02,H02,Mid-Atlantic Region,H02020006,Middle Hudson,H02,Mid-Atlantic Region,NMRB,Not Mississippi River Basin,4.25029994,NHD100,Non-Urban,Non-Urban,Non-Urban,118,60a,Glaciated Low Allegheny Plateau,60,Northern Allegheny Plateau,8.1,MIXED WOOD PLAINS,8,EASTERN TEMPERATE FORESTS,NAP,Northern Appalachians,EHIGH,Eastern Highlands,Non Federal,Not_USFS,SS,1486.492595,c(590467.95621786, 4702055.36787215),46006,2
Site-087,Base,None,-74.25538562,41.36866091,2,1059940.57,9.43E-07,None,38589,37091165,1.00007E+13,2.02001E+12,NA,NA,0.02661018,336,33600,H0202,5,2,2,0.047645,NA,0,1,0,Not_Border,NY,Exclude_FCODE,Orange,F36071,Region_02,H02,Mid-Atlantic Region,H02020008,Hudson-Wappinger,H02,Mid-Atlantic Region,NMRB,Not Mississippi River Basin,0.08299999,NHD100,Non-Urban,Non-Urban,Non-Urban,118,67k,Northern Glaciated Shale and Slate Valleys,67,Ridge and Valley,8.4,OZARK/OUACHITA-APPALACHIAN FORESTS,8,EASTERN TEMPERATE FORESTS,SAP,Southern Appalachians,EHIGH,Eastern Highlands,Non Federal,Not_USFS,SS,26.61017954,c(562273.203872188, 4579950.67598893),33600,2
Site-088,Base,None,-75.69514309,43.98116892,2,1059940.57,9.43E-07,None,207882,131805836,6.00006E+13,4.1403E+12,953383,Huddle Creek,4.342772897,460,46006,H0414,8,2,2,6.91446192,NA,0,1,5.00E+05,Not_Border,NY,Include,Jefferson,F36045,Region_02,H04,Great Lakes Region,H04140301,Black,H04,Great Lakes Region,NMRB,Not Mississippi River Basin,7.9972,NHD100,Non-Urban,Non-Urban,Non-Urban,116,83e,Upper St. Lawrence Valley,83,Eastern Great Lakes Lowlands,8.1,MIXED WOOD PLAINS,8,EASTERN TEMPERATE FORESTS,NAP,Northern Appalachians,EHIGH,Eastern Highlands,Non Federal,Not_USFS,SS,4342.772897,c(444249.845807634, 4870016.17416008),46006,2
Site-089,Base,None,-76.00064014,42.29824913,2,1059940.57,9.43E-07,None,71650,46456479,1.00006E+13,2.0501E+12,949008,East Branch Nanticoke Creek,2.001493196,460,46006,H0205,3,2,2,3.18775245,NA,0,1,250000,Not_Border,NY,Include,Broome,F36007,Region_02,H02,Mid-Atlantic Region,H02050103,Owego-Wappasening,H02,Mid-Atlantic Region,NMRB,Not Mississippi River Basin,6.5149,NHD100,Non-Urban,Non-Urban,Non-Urban,158,60a,Glaciated Low Allegheny Plateau,60,Northern Allegheny Plateau,8.1,MIXED WOOD PLAINS,8,EASTERN TEMPERATE FORESTS,NAP,Northern Appalachians,EHIGH,Eastern Highlands,Non Federal,Not_USFS,SS,2001.493196,c(417517.061240739, 4683376.10139107),46006,2
Site-090,Base,None,-73.75895525,41.78069108,2,1059940.57,9.43E-07,None,14082,37082879,1.00007E+13,2.02001E+12,NA,NA,0.930864702,460,46006,H0202,4,2,2,1.864884,NA,0,1,0,Not_Border,NY,Include,Dutchess,F36027,Region_02,H02,Mid-Atlantic Region,H02020008,Hudson-Wappinger,H02,Mid-Atlantic Region,NMRB,Not Mississippi River Basin,3.11389999,NHD100,Non-Urban,Non-Urban,Non-Urban,118,58x,Taconic Foothills,58,Northeastern Highlands,5.3,ATLANTIC HIGHLANDS,5,NORTHERN FORESTS,NAP,Northern Appalachians,EHIGH,Eastern Highlands,Non Federal,Not_USFS,SS,930.8647022,c(603133.450489168, 4626171.33918395),46006,2
Site-091,Base,None,-77.2032987,43.25992812,2,1059940.57,9.43E-07,None,189190,113128575,6.00006E+13,4.1401E+12,970575,Salmon Creek,2.458010948,460,46006,H0414,7,2,2,11.33111093,NA,0,1,5.00E+05,Not_Border,NY,Include,Wayne,F36117,Region_02,H04,Great Lakes Region,H04140101,Irondequoit-Ninemile,H04,Great Lakes Region,NMRB,Not Mississippi River Basin,29.77609996,NHD100,Non-Urban,Non-Urban,Non-Urban,116,83a,Erie/Ontario Lake Plain,83,Eastern Great Lakes Lowlands,8.1,MIXED WOOD PLAINS,8,EASTERN TEMPERATE FORESTS,NAP,Northern Appalachians,EHIGH,Eastern Highlands,Non Federal,Not_USFS,SS,2458.010948,c(321168.867967186, 4792037.0397676),46006,2
Site-092,Base,None,-77.72420522,42.07914964,2,1059940.57,9.43E-07,None,103949,84196261,6.00007E+13,4.13E+12,NA,NA,0.045205809,558,55800,H0413,13,2,2,1.66713818,84204471,0,1,1.00E+05,Not_Border,NY,Exclude_Lake,Steuben,F36101,Region_02,H04,Great Lakes Region,H04130002,Upper Genesee,H04,Great Lakes Region,NMRB,Not Mississippi River Basin,2.47139997,NHD100,Non-Urban,Non-Urban,Non-Urban,116,60a,Glaciated Low Allegheny Plateau,60,Northern Allegheny Plateau,8.1,MIXED WOOD PLAINS,8,EASTERN TEMPERATE FORESTS,NAP,Northern Appalachians,EHIGH,Eastern Highlands,Non Federal,Not_USFS,SS,45.20580864,c(274658.816104968, 4662155.69054822),55800,2
Site-093,Base,None,-75.14908466,42.68534021,2,1059940.57,9.43E-07,None,154000,43473213,1.00006E+13,2.0501E+12,NA,NA,1.161452978,460,46006,H0205,4,2,2,3.01042338,NA,0,1,1.00E+05,Not_Border,NY,Include,Otsego,F36077,Region_02,H02,Mid-Atlantic Region,H02050101,Upper Susquehanna,H02,Mid-Atlantic Region,NMRB,Not Mississippi River Basin,4.68189998,NHD100,Non-Urban,Non-Urban,Non-Urban,158,60a,Glaciated Low Allegheny Plateau,60,Northern Allegheny Plateau,8.1,MIXED WOOD PLAINS,8,EASTERN TEMPERATE FORESTS,NAP,Northern Appalachians,EHIGH,Eastern Highlands,Non Federal,Not_USFS,SS,1161.452978,c(487786.530879293, 4725884.09841198),46006,2
Site-094,Base,None,-78.69473434,42.21041123,2,1059940.57,9.43E-07,None,99898,112355655,2.40004E+13,5.01E+12,971997,Hidden Creek,0.374486524,460,46006,H0501,5,2,2,1.93935612,NA,0,1,1.00E+05,Not_Border,NY,Include,Cattaraugus,F36009,Region_02,H05,Ohio Region,H05010001,Upper Allegheny,H05_06,Ohio-Tennessee Region,H05_06,Ohio-Tennessee Region,2.2426,NHD100,Non-Urban,Non-Urban,Non-Urban,150,62d,Unglaciated High Allegheny Plateau,62,North Central Appalachians,5.3,ATLANTIC HIGHLANDS,5,NORTHERN FORESTS,NAP,Northern Appalachians,EHIGH,Eastern Highlands,Non Federal,Not_USFS,SS,374.4865242,c(195000.143925966, 4679750.23460393),46006,2
Site-095,Base,None,-73.78804673,41.24363382,2,1059940.57,9.43E-07,None,94184,55496137,1.00001E+13,2.0301E+12,NA,NA,1.573250963,460,46006,H0203,3,2,2,2.83215154,NA,0,1,0,Not_Border,NY,Include,Westchester,F36119,Region_02,H02,Mid-Atlantic Region,H02030101,Lower Hudson,H02,Mid-Atlantic Region,NMRB,Not Mississippi River Basin,3.77880002,NHD100,Non-Urban,Non-Urban,Non-Urban,118,59c,Southern New England Coastal Plains and Hills,59,Northeastern Coastal Zone,8.1,MIXED WOOD PLAINS,8,EASTERN TEMPERATE FORESTS,NAP,Northern Appalachians,EHIGH,Eastern Highlands,Non Federal,Not_USFS,SS,1573.250963,c(601551.884958779, 4566511.43333256),46006,2
Site-096,Base,None,-73.88891646,41.99456006,2,1059940.57,9.43E-07,None,79161,52841353,1.00007E+13,2.02001E+12,NA,NA,0.741253331,460,46006,H0202,3,2,2,0.97531,NA,0,1,24000,Not_Border,NY,Exclude_NoFlow,Dutchess,F36027,Region_02,H02,Mid-Atlantic Region,H02020006,Middle Hudson,H02,Mid-Atlantic Region,NMRB,Not Mississippi River Basin,1.75549999,Not_NHD100,Urban,Urban,Urban,118,59i,Hudson Valley,59,Northeastern Coastal Zone,8.1,MIXED WOOD PLAINS,8,EASTERN TEMPERATE FORESTS,NAP,Northern Appalachians,EHIGH,Eastern Highlands,Non Federal,Not_USFS,SS,741.2533311,c(592025.74813513, 4649769.26604358),46006,2
Site-097,Base,None,-76.07295986,44.21316994,2,1059940.57,9.43E-07,None,212002,131101272,6.00003E+13,4.29E+12,969841,Barrett Creek,0.030334221,558,55800,H0429,6,2,2,5.241932,131101795,0,1,250000,Not_Border,NY,Exclude_Lake,Jefferson,F36045,Region_02,H04,Great Lakes Region,H04290001,Headwaters St. Lawrence River,H04,Great Lakes Region,NMRB,Not Mississippi River Basin,10.90310001,NHD100,Non-Urban,Non-Urban,Non-Urban,116,83c,Ontario Lowlands,83,Eastern Great Lakes Lowlands,8.1,MIXED WOOD PLAINS,8,EASTERN TEMPERATE FORESTS,NAP,Northern Appalachians,EHIGH,Eastern Highlands,Non Federal,Not_USFS,SS,30.33422067,c(414284.846776722, 4896109.29652353),55800,2
Site-098,Base,None,-74.31586832,42.01123862,2,1059940.57,9.43E-07,None,289348,52840805,1.00007E+13,2.02001E+12,NA,NA,0.784848497,460,46006,H0202,3,2,2,1.302755,NA,0,1,24000,Not_Border,NY,Include,Ulster,F36111,Region_02,H02,Mid-Atlantic Region,H02020006,Middle Hudson,H02,Mid-Atlantic Region,NMRB,Not Mississippi River Basin,1.31499999,Not_NHD100,Non-Urban,Non-Urban,Non-Urban,118,58y,Catskill High Peaks,58,Northeastern Highlands,5.3,ATLANTIC HIGHLANDS,5,NORTHERN FORESTS,NAP,Northern Appalachians,EHIGH,Eastern Highlands,Non Federal,Not_USFS,SS,784.8484973,c(556648.330380943, 4651250.39194349),46006,2
Site-099,Base,None,-76.89423833,43.17919501,2,1059940.57,9.43E-07,None,253750,113130353,6.00006E+13,4.1401E+12,NA,NA,0.620226509,460,46006,H0414,8,2,2,1.16912688,NA,0,1,1.00E+05,Not_Border,NY,Include,Wayne,F36117,Region_02,H04,Great Lakes Region,H04140101,Irondequoit-Ninemile,H04,Great Lakes Region,NMRB,Not Mississippi River Basin,2.42809996,NHD100,Non-Urban,Non-Urban,Non-Urban,116,83a,Erie/Ontario Lake Plain,83,Eastern Great Lakes Lowlands,8.1,MIXED WOOD PLAINS,8,EASTERN TEMPERATE FORESTS,NAP,Northern Appalachians,EHIGH,Eastern Highlands,Non Federal,Not_USFS,SS,620.2265085,c(346051.361618142, 4782456.11751907),46006,2
Site-100,Base,None,-73.62877411,44.26430519,2,1059940.57,9.43E-07,None,229829,92071253,6.00002E+13,4.30011E+12,960280,Phelps Brook,1.621689022,460,46006,H0430,6,2,2,4.71049201,NA,0,1,5.00E+05,Not_Border,NY,Include,Essex,F36031,Region_02,H02,Mid-Atlantic Region,H04300108,Lake Champlain,H02,Mid-Atlantic Region,NMRB,Not Mississippi River Basin,3.9982,NHD100,Non-Urban,Non-Urban,Non-Urban,117,58ac,Eastern Adirondack Foothills,58,Northeastern Highlands,5.3,ATLANTIC HIGHLANDS,5,NORTHERN FORESTS,NAP,Northern Appalachians,EHIGH,Eastern Highlands,Non Federal,Not_USFS,SS,1621.689022,c(609447.890840842, 4902143.52018417),46006,2
Site-101,Base,None,-74.18675388,43.24520209,2,1059940.57,9.43E-07,None,150506,47709751,1.00007E+13,2.02E+12,NA,NA,0.653277244,460,46006,H0202,3,2,2,4.93807042,NA,0,1,0,Not_Border,NY,Include,Fulton,F36035,Region_02,H02,Mid-Atlantic Region,H02020002,Sacandaga,H02,Mid-Atlantic Region,NMRB,Not Mississippi River Basin,6.02099997,NHD100,Non-Urban,Non-Urban,Non-Urban,118,58ac,Eastern Adirondack Foothills,58,Northeastern Highlands,5.3,ATLANTIC HIGHLANDS,5,NORTHERN FORESTS,NAP,Northern Appalachians,EHIGH,Eastern Highlands,Non Federal,Not_USFS,SS,653.2772439,c(566022.29688305, 4788365.68518303),46006,2
Site-102,Base,None,-74.22503853,44.20859787,2,1059940.57,9.43E-07,None,174707,132421376,6.00003E+13,4.29001E+12,NA,NA,0.661811539,460,46006,H0429,7,2,2,0.376836,NA,0,1,50000,Not_Border,NY,Exclude_NoFlow,Franklin,F36033,Region_02,H04,Great Lakes Region,H04290005,Raquette,H04,Great Lakes Region,NMRB,Not Mississippi River Basin,0.57479999,Not_NHD100,Non-Urban,Non-Urban,Non-Urban,117,58z,Adirondack High Peaks,58,Northeastern Highlands,5.3,ATLANTIC HIGHLANDS,5,NORTHERN FORESTS,NAP,Northern Appalachians,EHIGH,Eastern Highlands,Non Federal,Not_USFS,SS,661.8115389,c(561913.804168845, 4895333.73625627),46006,2
Site-103,Base,None,-75.85913788,43.47979998,2,1059940.57,9.43E-07,None,246591,129631741,6.00006E+13,4.1401E+12,NA,NA,1.013813487,334,33400,H0414,8,2,2,4.34468644,NA,0,1,1.00E+05,Not_Border,NY,Include,Oswego,F36075,Region_02,H04,Great Lakes Region,H04140102,Salmon-Sandy,H04,Great Lakes Region,NMRB,Not Mississippi River Basin,4.10989999,NHD100,Non-Urban,Non-Urban,Non-Urban,116,58ae,Tug Hill Plateau,58,Northeastern Highlands,5.3,ATLANTIC HIGHLANDS,5,NORTHERN FORESTS,NAP,Northern Appalachians,EHIGH,Eastern Highlands,Non Federal,Not_USFS,SS,1013.813487,c(430520.281822919, 4814456.46639494),33400,2
Site-104,Base,None,-75.90035412,44.26542276,2,1059940.57,9.43E-07,None,179795,131100620,6.00003E+13,4.29E+12,NA,NA,1.533235075,460,46006,H0429,7,2,2,1.365499,NA,0,1,1.00E+05,Not_Border,NY,Include,Jefferson,F36045,Region_02,H04,Great Lakes Region,H04290001,Headwaters St. Lawrence River,H04,Great Lakes Region,NMRB,Not Mississippi River Basin,2.92320003,NHD100,Non-Urban,Non-Urban,Non-Urban,116,83d,St. Lawrence Lowlands,83,Eastern Great Lakes Lowlands,8.1,MIXED WOOD PLAINS,8,EASTERN TEMPERATE FORESTS,NAP,Northern Appalachians,EHIGH,Eastern Highlands,Non Federal,Not_USFS,SS,1533.235075,c(428137.407843368, 4901747.56807005),46006,2
Site-105,Base,None,-75.40793825,42.83274696,2,1059940.57,9.43E-07,None,226098,62617602,1.00006E+13,2.0501E+12,NA,NA,1.851379178,460,46006,H0205,4,2,2,2.79578074,NA,0,1,1.00E+05,Not_Border,NY,Include,Madison,F36053,Region_02,H02,Mid-Atlantic Region,H02050102,Chenango,H02,Mid-Atlantic Region,NMRB,Not Mississippi River Basin,4.20580003,NHD100,Non-Urban,Non-Urban,Non-Urban,158,60a,Glaciated Low Allegheny Plateau,60,Northern Allegheny Plateau,8.1,MIXED WOOD PLAINS,8,EASTERN TEMPERATE FORESTS,NAP,Northern Appalachians,EHIGH,Eastern Highlands,Non Federal,Not_USFS,SS,1851.379178,c(466659.560425172, 4742322.59609088),46006,2
Site-106,Base,None,-74.09452438,42.86396249,2,1059940.57,9.43E-07,None,152935,53537059,1.00007E+13,2.02E+12,964417,Sandsea Kill,0.904213989,460,46006,H0202,3,2,2,3.60276196,NA,0,1,0,Not_Border,NY,Include,Schenectady,F36093,Region_02,H02,Mid-Atlantic Region,H02020004,Mohawk,H02,Mid-Atlantic Region,NMRB,Not Mississippi River Basin,5.52869999,NHD100,Non-Urban,Non-Urban,Non-Urban,118,83f,Mohawk Valley,83,Eastern Great Lakes Lowlands,8.1,MIXED WOOD PLAINS,8,EASTERN TEMPERATE FORESTS,NAP,Northern Appalachians,EHIGH,Eastern Highlands,Non Federal,Not_USFS,SS,904.2139893,c(573966.670994783, 4746105.84887143),46006,2
Site-107,Base,None,-77.14680284,42.39520373,2,1059940.57,9.43E-07,None,277011,48518140,1.00006E+13,2.05011E+12,NA,NA,1.211788818,460,46006,H0205,4,2,2,4.35270253,NA,0,1,5.00E+05,Not_Border,NY,Include,Steuben,F36101,Region_02,H02,Mid-Atlantic Region,H02050105,Chemung,H02,Mid-Atlantic Region,NMRB,Not Mississippi River Basin,13.84040005,NHD100,Non-Urban,Non-Urban,Non-Urban,158,60d,Finger Lakes Uplands and Gorges,60,Northern Allegheny Plateau,8.1,MIXED WOOD PLAINS,8,EASTERN TEMPERATE FORESTS,NAP,Northern Appalachians,EHIGH,Eastern Highlands,Non Federal,Not_USFS,SS,1211.788818,c(323307.42311014, 4695889.19760819),46006,2
Site-108,Base,None,-78.00512047,43.15168701,2,1059940.57,9.43E-07,None,248176,42136903,6.00007E+13,4.13E+12,NA,NA,0.521139512,334,33400,H0413,14,2,2,1.64304958,NA,0,1,1.00E+05,Not_Border,NY,Include,Orleans,F36073,Region_02,H04,Great Lakes Region,H04130003,Lower Genesee,H04,Great Lakes Region,NMRB,Not Mississippi River Basin,4.03420005,NHD100,Non-Urban,Non-Urban,Non-Urban,116,83c,Ontario Lowlands,83,Eastern Great Lakes Lowlands,8.1,MIXED WOOD PLAINS,8,EASTERN TEMPERATE FORESTS,NAP,Northern Appalachians,EHIGH,Eastern Highlands,Non Federal,Not_USFS,SS,521.1395118,c(255653.59124408, 4782044.25659344),33400,2
Site-109,Base,None,-77.12070522,42.17478917,4,1232285.182,8.12E-07,None,82081,48521384,1.00006E+13,2.05011E+12,956894,Meads Creek,0.55806494,558,55800,H0205,3,4,4,68.22135318,120006996,0,1,2.00E+06,Not_Border,NY,Exclude_Connector,Steuben,F36101,Region_02,H02,Mid-Atlantic Region,H02050105,Chemung,H02,Mid-Atlantic Region,NMRB,Not Mississippi River Basin,180.0380999,NHD100,Urban,Urban,Urban,158,60a,Glaciated Low Allegheny Plateau,60,Northern Allegheny Plateau,8.1,MIXED WOOD PLAINS,8,EASTERN TEMPERATE FORESTS,NAP,Northern Appalachians,EHIGH,Eastern Highlands,Non Federal,Not_USFS,LS,558.0649405,c(324845.686908209, 4671360.02557303),55800,4
Site-110,Base,None,-73.91924233,42.89942608,4,1232285.182,8.12E-07,None,147000,53535999,1.00007E+13,2.02E+12,942394,Alplaus Kill,0.903264621,558,55800,H0202,3,4,4,54.53217033,{298c023a-7b82-4a53-9fc5-7c059874363a},0,1,0,Not_Border,NY,Exclude_Connector,Schenectady,F36093,Region_02,H02,Mid-Atlantic Region,H02020004,Mohawk,H02,Mid-Atlantic Region,NMRB,Not Mississippi River Basin,90.3163001,NHD100,Urban,Urban,Urban,118,59i,Hudson Valley,59,Northeastern Coastal Zone,8.1,MIXED WOOD PLAINS,8,EASTERN TEMPERATE FORESTS,NAP,Northern Appalachians,EHIGH,Eastern Highlands,Non Federal,Not_USFS,LS,903.2646208,c(588234.708958416, 4750212.84069767),55800,4
Site-111,Base,None,-74.68601612,44.81822815,4,1232285.182,8.12E-07,None,248716,135267520,6.00003E+13,4.29001E+12,977219,Deer River,0.735939599,558,55800,H0429,6,4,4,134.866772,135271603,0,1,2.00E+06,Not_Border,NY,Exclude_Connector,St. Lawrence,F36089,Region_02,H04,Great Lakes Region,H04290006,St. Regis,H04,Great Lakes Region,NMRB,Not Mississippi River Basin,233.3884,NHD100,Non-Urban,Non-Urban,Non-Urban,117,83e,Upper St. Lawrence Valley,83,Eastern Great Lakes Lowlands,8.1,MIXED WOOD PLAINS,8,EASTERN TEMPERATE FORESTS,NAP,Northern Appalachians,EHIGH,Eastern Highlands,Non Federal,Not_USFS,LS,735.9395989,c(524824.854002873, 4962806.12009556),55800,4
Site-112,Base,None,-74.03518555,42.50023964,4,1232285.182,8.12E-07,None,29492,52822357,1.00007E+13,2.02001E+12,943127,Basic Creek,1.425541163,460,46006,H0202,3,4,4,19.02783797,NA,0,1,5.00E+05,Not_Border,NY,Include,Albany,F36001,Region_02,H02,Mid-Atlantic Region,H02020006,Middle Hudson,H02,Mid-Atlantic Region,NMRB,Not Mississippi River Basin,26.46729992,NHD100,Non-Urban,Non-Urban,Non-Urban,118,60a,Glaciated Low Allegheny Plateau,60,Northern Allegheny Plateau,8.1,MIXED WOOD PLAINS,8,EASTERN TEMPERATE FORESTS,NAP,Northern Appalachians,EHIGH,Eastern Highlands,Non Federal,Not_USFS,LS,1425.541163,c(579275.102513151, 4705770.64614976),46006,4
Site-113,Base,None,-79.29058277,42.22565426,4,1232285.182,8.12E-07,None,99705,129442732,2.40004E+13,5.01E+12,945972,Cassadaga Creek,2.309938872,558,55800,H0501,4,4,4,190.3821678,129447890,0,1,5.00E+06,Not_Border,NY,Exclude_Connector,Chautauqua,F36013,Region_02,H05,Ohio Region,H05010002,Conewango,H05_06,Ohio-Tennessee Region,H05_06,Ohio-Tennessee Region,247.3728,NHD100,Non-Urban,Non-Urban,Non-Urban,150,61c,Low Lime Drift Plain,61,Erie Drift Plain,8.1,MIXED WOOD PLAINS,8,EASTERN TEMPERATE FORESTS,NAP,Northern Appalachians,EHIGH,Eastern Highlands,Non Federal,Not_USFS,LS,2309.938872,c(145889.90409636, 4683750.21182024),55800,4
Site-114,Base,None,-74.19191188,43.34455272,4,1232285.182,8.12E-07,None,158397,167311223,1.00007E+13,2.02E+12,949250,East Stony Creek,0.11694417,558,55800,H0202,3,4,4,183.9720768,167311078,0,1,0,Not_Border,NY,Include,Hamilton,F36041,Region_02,H02,Mid-Atlantic Region,H02020002,Sacandaga,H02,Mid-Atlantic Region,NMRB,Not Mississippi River Basin,199.1439002,NHD100,Non-Urban,Non-Urban,Non-Urban,118,58aa,Acid Sensitive Adirondacks,58,Northeastern Highlands,5.3,ATLANTIC HIGHLANDS,5,NORTHERN FORESTS,NAP,Northern Appalachians,EHIGH,Eastern Highlands,Non Federal,Not_USFS,LS,116.94417,c(565496.831233791, 4799394.98209432),55800,4
Site-115,Base,None,-76.2954641,42.87351728,4,1232285.182,8.12E-07,None,199529,87940740,6.00006E+13,4.1402E+12,958597,Ninemile Creek,0.19574799,558,55800,H0414,7,4,4,36.8279717,87961216,0,1,1.00E+06,Not_Border,NY,Exclude_Lake,Onondaga,F36067,Region_02,H04,Great Lakes Region,H04140201,Seneca,H04,Great Lakes Region,NMRB,Not Mississippi River Basin,61.62110002,NHD100,Non-Urban,Non-Urban,Non-Urban,116,60d,Finger Lakes Uplands and Gorges,60,Northern Allegheny Plateau,8.1,MIXED WOOD PLAINS,8,EASTERN TEMPERATE FORESTS,NAP,Northern Appalachians,EHIGH,Eastern Highlands,Non Federal,Not_USFS,LS,195.7479897,c(394191.845181894, 4747583.18398691),55800,4
Site-116,Base,None,-74.14307283,41.89361891,4,1232285.182,8.12E-07,None,57682,52843019,1.00007E+13,2.02001E+12,970110,Esopus Creek,4.190031873,558,55800,H0202,2,6,6,928.0961138,120006985,0,1,5.00E+06,Not_Border,NY,Exclude_Connector,Ulster,F36111,Region_02,H02,Mid-Atlantic Region,H02020006,Middle Hudson,H02,Mid-Atlantic Region,NMRB,Not Mississippi River Basin,1421.5391,NHD100,Non-Urban,Non-Urban,Non-Urban,118,60c,Catskills Transition,60,Northern Allegheny Plateau,8.1,MIXED WOOD PLAINS,8,EASTERN TEMPERATE FORESTS,NAP,Northern Appalachians,EHIGH,Eastern Highlands,Non Federal,Not_USFS,RV,4190.031873,c(571087.042970726, 4638319.95075865),55800,4
Site-117,Base,None,-77.8970559,42.61391772,4,1232285.182,8.12E-07,None,162149,84184417,6.00007E+13,4.13E+12,954558,Keshequa Creek,0.325736425,460,46006,H0413,12,4,4,50.45194144,NA,0,1,2.00E+06,Not_Border,NY,Include,Livingston,F36051,Region_02,H04,Great Lakes Region,H04130002,Upper Genesee,H04,Great Lakes Region,NMRB,Not Mississippi River Basin,119.2825,NHD100,Non-Urban,Non-Urban,Non-Urban,116,60d,Finger Lakes Uplands and Gorges,60,Northern Allegheny Plateau,8.1,MIXED WOOD PLAINS,8,EASTERN TEMPERATE FORESTS,NAP,Northern Appalachians,EHIGH,Eastern Highlands,Non Federal,Not_USFS,LS,325.7364249,c(262384.106772935, 4722011.5597071),46006,4
Site-118,Base,None,-75.43318237,43.19730005,4,1232285.182,8.12E-07,None,145434,53524099,1.00007E+13,2.02E+12,970360,Mohawk River,3.099341443,558,55800,H0202,2,4,4,26.62127765,120006537,0,1,0,Not_Border,NY,Include,Oneida,F36065,Region_02,H02,Mid-Atlantic Region,H02020004,Mohawk,H02,Mid-Atlantic Region,NMRB,Not Mississippi River Basin,439.9431,NHD100,Non-Urban,Non-Urban,Non-Urban,118,83f,Mohawk Valley,83,Eastern Great Lakes Lowlands,8.1,MIXED WOOD PLAINS,8,EASTERN TEMPERATE FORESTS,NAP,Northern Appalachians,EHIGH,Eastern Highlands,Non Federal,Not_USFS,LS,3099.341443,c(464805.179716832, 4782816.08124583),55800,4
Site-119,Base,None,-76.85525422,43.06976385,4,1232285.182,8.12E-07,None,202571,87934858,6.00006E+13,4.1402E+12,946942,Clyde River,2.437159267,558,55800,H0414,8,7,7,3451.143064,{9D26D0D0-9392-4F9C-9E87-9068C163A0F5},0,1,5.00E+06,Not_Border,NY,Include,Wayne,F36117,Region_02,H04,Great Lakes Region,H04140201,Seneca,H04,Great Lakes Region,NMRB,Not Mississippi River Basin,8612.545699,NHD100,Non-Urban,Non-Urban,Non-Urban,116,83c,Ontario Lowlands,83,Eastern Great Lakes Lowlands,8.1,MIXED WOOD PLAINS,8,EASTERN TEMPERATE FORESTS,NAP,Northern Appalachians,EHIGH,Eastern Highlands,Non Federal,Not_USFS,RV,2437.159267,c(348950.659190991, 4770232.31457097),55800,4
Site-120,Base,None,-73.86003035,41.33938052,4,1232285.182,8.12E-07,None,66592,55491291,1.00001E+13,2.0301E+12,969294,Peekskill Hollow Creek,0.989222635,460,46006,H0203,3,4,4,59.75049921,NA,0,1,0,Not_Border,NY,Include,Putnam,F36079,Region_02,H02,Mid-Atlantic Region,H02030101,Lower Hudson,H02,Mid-Atlantic Region,NMRB,Not Mississippi River Basin,76.94309989,NHD100,Urban,Urban,Urban,118,58i,Glaciated Reading Prong/Hudson Highlands,58,Northeastern Highlands,5.3,ATLANTIC HIGHLANDS,5,NORTHERN FORESTS,NAP,Northern Appalachians,EHIGH,Eastern Highlands,Non Federal,Not_USFS,LS,989.2226348,c(595380.552551554, 4577059.41298364),46006,4
Site-121,Base,None,-74.05507002,44.08709883,4,1232285.182,8.12E-07,None,213506,89344289,1.00007E+13,2.02E+12,970226,Hudson River,0.547077628,558,55800,H0202,1,4,4,55.75139451,89366681,0,1,0,Not_Border,NY,Include,Essex,F36031,Region_02,H02,Mid-Atlantic Region,H02020001,Upper Hudson,H02,Mid-Atlantic Region,NMRB,Not Mississippi River Basin,80.48379993,NHD100,Non-Urban,Non-Urban,Non-Urban,118,58z,Adirondack High Peaks,58,Northeastern Highlands,5.3,ATLANTIC HIGHLANDS,5,NORTHERN FORESTS,NAP,Northern Appalachians,EHIGH,Eastern Highlands,Non Federal,Not_USFS,LS,547.0776279,c(575648.119869141, 4881980.81966443),55800,4
Site-122,Base,None,-75.31229054,44.48716715,4,1232285.182,8.12E-07,None,226115,133091453,6.00003E+13,4.29E+12,975896,Anderson Creek,2.655831957,460,46006,H0429,6,4,4,4.445757,NA,0,1,250000,Not_Border,NY,Include,St. Lawrence,F36089,Region_02,H04,Great Lakes Region,H04290003,Oswegatchie,H04,Great Lakes Region,NMRB,Not Mississippi River Basin,9.73140003,NHD100,Non-Urban,Non-Urban,Non-Urban,117,83d,St. Lawrence Lowlands,83,Eastern Great Lakes Lowlands,8.1,MIXED WOOD PLAINS,8,EASTERN TEMPERATE FORESTS,NAP,Northern Appalachians,EHIGH,Eastern Highlands,Non Federal,Not_USFS,LS,2655.831957,c(475168.157363503, 4926031.16142329),46006,4
Site-123,Base,None,-78.53628855,43.6312665,4,1232285.182,8.12E-07,None,3655,{9C7CF2E3-005C-4000-83AA-692FDC0CFBB5},6.00E+13,4.28E+12,977244,Saint Lawrence River,84.95465795,558,55800,H0428,4,10,10,224237.1085,152712037,0,1,5.00E+06,Not_Border,NY,Exclude_Lake,Monroe,F36055,Region_02,H04,Great Lakes Region,H04280002,Lake Ontario,H04,Great Lakes Region,NMRB,Not Mississippi River Basin,676857.8804,NHD100,Non-Urban,Non-Urban,Non-Urban,116,83a,Erie/Ontario Lake Plain,83,Eastern Great Lakes Lowlands,8.1,MIXED WOOD PLAINS,8,EASTERN TEMPERATE FORESTS,NAP,Northern Appalachians,EHIGH,Eastern Highlands,Non Federal,Not_USFS,RV,84954.65795,c(214722.357459074, 4836998.37338136),55800,4
Site-124,Base,None,-74.20557384,41.78353402,4,1232285.182,8.12E-07,None,73199,61771361,1.00007E+13,2.02001E+12,962850,Rondout Creek,3.967302396,558,55800,H0202,2,6,6,669.5488975,61790845,0,1,0,Not_Border,NY,Include,Ulster,F36111,Region_02,H02,Mid-Atlantic Region,H02020007,Rondout,H02,Mid-Atlantic Region,NMRB,Not Mississippi River Basin,820.4521,NHD100,Non-Urban,Non-Urban,Non-Urban,118,67l,"Northern Glaciated Limestone Ridges, Valleys, and Terraces",67,Ridge and Valley,8.4,OZARK/OUACHITA-APPALACHIAN FORESTS,8,EASTERN TEMPERATE FORESTS,SAP,Southern Appalachians,EHIGH,Eastern Highlands,Non Federal,Not_USFS,RV,3967.302396,c(566015.234744394, 4626047.66836256),55800,4
Site-125,Base,None,-75.02775064,42.45216021,4,1232285.182,8.12E-07,None,44379,43480001,1.00006E+13,2.0501E+12,NA,NA,0.496413361,558,55800,H0205,2,6,0,0.176877,120006994,0,1,5.00E+06,Not_Border,NY,Exclude_SideChannel,Otsego,F36077,Region_02,H02,Mid-Atlantic Region,H02050101,Upper Susquehanna,H02,Mid-Atlantic Region,NMRB,Not Mississippi River Basin,1650.304299,NHD100,Urban,Urban,Urban,158,60a,Glaciated Low Allegheny Plateau,60,Northern Allegheny Plateau,8.1,MIXED WOOD PLAINS,8,EASTERN TEMPERATE FORESTS,NAP,Northern Appalachians,EHIGH,Eastern Highlands,Non Federal,Not_USFS,RV,496.413361,c(497718.099744377, 4699981.41290468),55800,4
Site-126,Base,None,-78.93238744,43.09628243,3,962402.9502,1.04E-06,None,253670,118007603,6.00008E+13,4.2701E+12,943728,Bergholtz Creek,2.535667819,460,46006,H0427,6,3,3,13.01958457,NA,0,1,1.00E+06,Not_Border,NY,Include,Niagara,F36063,Region_02,H04,Great Lakes Region,H04270101,Niagara River,H04,Great Lakes Region,NMRB,Not Mississippi River Basin,32.93280005,NHD100,Urban,Urban,Urban,116,83c,Ontario Lowlands,83,Eastern Great Lakes Lowlands,8.1,MIXED WOOD PLAINS,8,EASTERN TEMPERATE FORESTS,NAP,Northern Appalachians,EHIGH,Eastern Highlands,Non Federal,Not_USFS,LS,2535.667819,c(179961.511173038, 4779016.63206773),46006,3
Site-127,Base,None,-78.32769494,42.42985369,3,962402.9502,1.04E-06,None,109839,87208652,6.00011E+13,4.1201E+12,NA,NA,2.600451519,460,46006,H0412,8,3,3,3.22650221,NA,0,1,250000,Not_Border,NY,Include,Cattaraugus,F36009,Region_02,H04,Great Lakes Region,H04120102,Cattaraugus,H04,Great Lakes Region,NMRB,Not Mississippi River Basin,4.76529995,NHD100,Non-Urban,Non-Urban,Non-Urban,116,60a,Glaciated Low Allegheny Plateau,60,Northern Allegheny Plateau,8.1,MIXED WOOD PLAINS,8,EASTERN TEMPERATE FORESTS,NAP,Northern Appalachians,EHIGH,Eastern Highlands,Non Federal,Not_USFS,LS,2600.451519,c(226256.740013148, 4702870.71255653),46006,3
Site-128,Base,None,-73.78255866,41.95552094,3,962402.9502,1.04E-06,None,15345,37079101,1.00007E+13,2.02001E+12,NA,NA,1.889417909,460,46006,H0202,4,3,3,7.11817491,NA,0,1,0,Not_Border,NY,Include,Dutchess,F36027,Region_02,H02,Mid-Atlantic Region,H02020008,Hudson-Wappinger,H02,Mid-Atlantic Region,NMRB,Not Mississippi River Basin,10.31960002,NHD100,Non-Urban,Non-Urban,Non-Urban,118,58x,Taconic Foothills,58,Northeastern Highlands,5.3,ATLANTIC HIGHLANDS,5,NORTHERN FORESTS,NAP,Northern Appalachians,EHIGH,Eastern Highlands,Non Federal,Not_USFS,LS,1889.417909,c(600896.600265219, 4645554.4939591),46006,3
Site-129,Base,None,-74.60971488,42.84010606,3,962402.9502,1.04E-06,None,159799,167262573,1.00007E+13,2.02E+12,944753,Brimstone Creek,1.281825311,460,46006,H0202,4,3,3,16.68953409,NA,0,1,0,Not_Border,NY,Include,Montgomery,F36057,Region_02,H02,Mid-Atlantic Region,H02020004,Mohawk,H02,Mid-Atlantic Region,NMRB,Not Mississippi River Basin,30.09830003,NHD100,Non-Urban,Non-Urban,Non-Urban,118,83f,Mohawk Valley,83,Eastern Great Lakes Lowlands,8.1,MIXED WOOD PLAINS,8,EASTERN TEMPERATE FORESTS,NAP,Northern Appalachians,EHIGH,Eastern Highlands,Non Federal,Not_USFS,LS,1281.825311,c(531893.878636605, 4743132.95695563),46006,3
Site-130,Base,None,-77.1776738,43.12773372,3,962402.9502,1.04E-06,None,199839,87933100,6.00006E+13,4.1402E+12,970515,Red Creek,3.711897551,460,46006,H0414,11,3,3,23.76817155,NA,0,1,2.00E+06,Not_Border,NY,Include,Wayne,F36117,Region_02,H04,Great Lakes Region,H04140201,Seneca,H04,Great Lakes Region,NMRB,Not Mississippi River Basin,67.64080007,NHD100,Non-Urban,Non-Urban,Non-Urban,116,83c,Ontario Lowlands,83,Eastern Great Lakes Lowlands,8.1,MIXED WOOD PLAINS,8,EASTERN TEMPERATE FORESTS,NAP,Northern Appalachians,EHIGH,Eastern Highlands,Non Federal,Not_USFS,LS,3711.897551,c(322866.665132148, 4777301.3716069),46006,3
Site-131,Base,None,-76.49514163,42.26734627,3,962402.9502,1.04E-06,None,55548,46459501,1.00006E+13,2.0501E+12,957070,Michigan Creek,3.299534747,460,46006,H0205,3,3,3,9.22382135,NA,0,1,5.00E+05,Not_Border,NY,Include,Tioga,F36107,Region_02,H02,Mid-Atlantic Region,H02050103,Owego-Wappasening,H02,Mid-Atlantic Region,NMRB,Not Mississippi River Basin,17.12950001,NHD100,Non-Urban,Non-Urban,Non-Urban,158,60a,Glaciated Low Allegheny Plateau,60,Northern Allegheny Plateau,8.1,MIXED WOOD PLAINS,8,EASTERN TEMPERATE FORESTS,NAP,Northern Appalachians,EHIGH,Eastern Highlands,Non Federal,Not_USFS,LS,3299.534747,c(376694.219832168, 4680542.29022323),46006,3
Site-132,Base,None,-73.44362632,42.4116659,3,962402.9502,1.04E-06,None,85315,52825545,1.00007E+13,2.02001E+12,966575,Stony Kill,0.494322527,460,46006,H0202,3,3,3,13.0676101,NA,0,1,1.00E+06,Not_Border,NY,Include,Columbia,F36021,Region_02,H02,Mid-Atlantic Region,H02020006,Middle Hudson,H02,Mid-Atlantic Region,NMRB,Not Mississippi River Basin,17.22939995,NHD100,Non-Urban,Non-Urban,Non-Urban,118,58x,Taconic Foothills,58,Northeastern Highlands,5.3,ATLANTIC HIGHLANDS,5,NORTHERN FORESTS,NAP,Northern Appalachians,EHIGH,Eastern Highlands,Non Federal,Not_USFS,LS,494.3225274,c(628062.504956827, 4696657.91459889),46006,3
Site-133,Base,None,-74.50345645,44.8148208,3,962402.9502,1.04E-06,None,180072,132873615,6.00003E+13,4.29001E+12,970668,Stony Brook,1.385894615,460,46006,H0429,8,3,3,7.297357,NA,0,1,250000,Not_Border,NY,Include,Franklin,F36033,Region_02,H04,Great Lakes Region,H04290007,Salmon,H04,Great Lakes Region,NMRB,Not Mississippi River Basin,15.09299998,NHD100,Non-Urban,Non-Urban,Non-Urban,117,83e,Upper St. Lawrence Valley,83,Eastern Great Lakes Lowlands,8.1,MIXED WOOD PLAINS,8,EASTERN TEMPERATE FORESTS,NAP,Northern Appalachians,EHIGH,Eastern Highlands,Non Federal,Not_USFS,LS,1385.894615,c(539261.084444464, 4962499.58172967),46006,3
Site-134,Base,None,-76.22435241,43.48293628,3,962402.9502,1.04E-06,None,210828,129634481,6.00006E+13,4.1401E+12,963228,Sage Creek,2.727307473,460,46006,H0414,6,3,3,29.56226393,NA,0,1,1.00E+06,Not_Border,NY,Include,Oswego,F36075,Region_02,H04,Great Lakes Region,H04140102,Salmon-Sandy,H04,Great Lakes Region,NMRB,Not Mississippi River Basin,42.28760004,NHD100,Non-Urban,Non-Urban,Non-Urban,116,83c,Ontario Lowlands,83,Eastern Great Lakes Lowlands,8.1,MIXED WOOD PLAINS,8,EASTERN TEMPERATE FORESTS,NAP,Northern Appalachians,EHIGH,Eastern Highlands,Non Federal,Not_USFS,LS,2727.307473,c(400989.768854744, 4815174.34195734),46006,3
Site-135,Base,None,-75.23300293,42.58002857,3,962402.9502,1.04E-06,None,140263,43477009,1.00006E+13,2.0501E+12,NA,NA,1.702554179,460,46006,H0205,4,3,3,8.79299364,NA,0,1,1.00E+06,Not_Border,NY,Include,Otsego,F36077,Region_02,H02,Mid-Atlantic Region,H02050101,Upper Susquehanna,H02,Mid-Atlantic Region,NMRB,Not Mississippi River Basin,14.29050001,NHD100,Non-Urban,Non-Urban,Non-Urban,158,60a,Glaciated Low Allegheny Plateau,60,Northern Allegheny Plateau,8.1,MIXED WOOD PLAINS,8,EASTERN TEMPERATE FORESTS,NAP,Northern Appalachians,EHIGH,Eastern Highlands,Non Federal,Not_USFS,LS,1702.554179,c(480879.478677819, 4714205.70569634),46006,3
Site-136,Base,None,-75.78134275,43.11775436,3,962402.9502,1.04E-06,None,233195,124495477,6.00006E+13,4.1402E+12,NA,NA,0.054565551,336,33600,H0414,9,3,3,7.03577215,NA,0,1,250000,Not_Border,NY,Exclude_FCODE,Madison,F36053,Region_02,H04,Great Lakes Region,H04140202,Oneida,H04,Great Lakes Region,NMRB,Not Mississippi River Basin,12.33629998,NHD100,Non-Urban,Non-Urban,Non-Urban,116,83c,Ontario Lowlands,83,Eastern Great Lakes Lowlands,8.1,MIXED WOOD PLAINS,8,EASTERN TEMPERATE FORESTS,NAP,Northern Appalachians,EHIGH,Eastern Highlands,Non Federal,Not_USFS,LS,54.56555052,c(436435.659149814, 4774187.60006136),33600,3
Site-137,Base,None,-74.55488746,44.33510915,3,962402.9502,1.04E-06,None,223268,132421281,6.00003E+13,4.29001E+12,977277,Willis Brook,1.439408736,460,46006,H0429,7,3,3,16.775275,NA,0,1,5.00E+05,Not_Border,NY,Include,St. Lawrence,F36089,Region_02,H04,Great Lakes Region,H04290005,Raquette,H04,Great Lakes Region,NMRB,Not Mississippi River Basin,26.07299999,NHD100,Non-Urban,Non-Urban,Non-Urban,117,58ab,Northern and Western Adirondack Foothills,58,Northeastern Highlands,5.3,ATLANTIC HIGHLANDS,5,NORTHERN FORESTS,NAP,Northern Appalachians,EHIGH,Eastern Highlands,Non Federal,Not_USFS,LS,1439.408736,c(535485.037991187, 4909190.09992572),46006,3
Site-138,Base,None,-79.57546878,42.30866539,3,962402.9502,1.04E-06,None,119737,123925800,6.00011E+13,4.1201E+12,946460,Chautauqua Creek,0.537253552,558,55800,H0412,6,3,3,54.9403075,123926235,0,1,1.00E+06,Not_Border,NY,Include,Chautauqua,F36013,Region_02,H04,Great Lakes Region,H04120101,Chautauqua-Conneaut,H04,Great Lakes Region,NMRB,Not Mississippi River Basin,68.65579994,NHD100,Urban,Non-Urban,Urban,116,83a,Erie/Ontario Lake Plain,83,Eastern Great Lakes Lowlands,8.1,MIXED WOOD PLAINS,8,EASTERN TEMPERATE FORESTS,NAP,Northern Appalachians,EHIGH,Eastern Highlands,Non Federal,Not_USFS,LS,537.2535523,c(122869.281174487, 4694195.36620278),55800,3
Site-139,Base,None,-75.16683367,41.9794682,3,962402.9502,1.04E-06,None,22077,25530936,1.00002E+13,2.0401E+12,962256,Read Creek,3.409742786,460,46006,H0204,2,3,3,34.30380656,NA,0,1,0,Not_Border,NY,Include,Delaware,F36025,Region_02,H02,Mid-Atlantic Region,H02040102,East Branch Delaware,H02,Mid-Atlantic Region,NMRB,Not Mississippi River Basin,44.47800007,NHD100,Non-Urban,Non-Urban,Non-Urban,118,60c,Catskills Transition,60,Northern Allegheny Plateau,8.1,MIXED WOOD PLAINS,8,EASTERN TEMPERATE FORESTS,NAP,Northern Appalachians,EHIGH,Eastern Highlands,Non Federal,Not_USFS,LS,3409.742786,c(486178.78984107, 4647510.06605281),46006,3
Site-140,Base,None,-75.00967607,43.55633024,3,962402.9502,1.04E-06,None,341518,131806068,6.00006E+13,4.1403E+12,971637,Woodhull Creek,0.07638986,460,46006,H0414,7,3,3,42.35971892,NA,0,1,2.00E+06,Not_Border,NY,Include,Herkimer,F36043,Region_02,H04,Great Lakes Region,H04140301,Black,H04,Great Lakes Region,NMRB,Not Mississippi River Basin,40.35740003,NHD100,Non-Urban,Non-Urban,Non-Urban,116,58aa,Acid Sensitive Adirondacks,58,Northeastern Highlands,5.3,ATLANTIC HIGHLANDS,5,NORTHERN FORESTS,NAP,Northern Appalachians,EHIGH,Eastern Highlands,Non Federal,Not_USFS,LS,76.38986001,c(499218.472468915, 4822597.38376542),46006,3
Site-141,Base,None,-73.97913344,44.58637068,3,962402.9502,1.04E-06,None,249753,129689178,6.00002E+13,4.30011E+12,969152,West Brook,3.714734126,460,46006,H0430,7,3,3,15.08551115,NA,0,1,250000,Not_Border,NY,Include,Franklin,F36033,Region_02,H02,Mid-Atlantic Region,H04300106,Saranac River,H02,Mid-Atlantic Region,NMRB,Not Mississippi River Basin,19.815,NHD100,Non-Urban,Non-Urban,Non-Urban,117,58ad,Central Adirondacks,58,Northeastern Highlands,5.3,ATLANTIC HIGHLANDS,5,NORTHERN FORESTS,NAP,Northern Appalachians,EHIGH,Eastern Highlands,Non Federal,Not_USFS,LS,3714.734126,c(581036.759219341, 4937509.91117025),46006,3
Site-142,Base,None,-75.92487595,42.0663275,3,962402.9502,1.04E-06,None,19582,43486571,1.00006E+13,2.0501E+12,943206,Bayless Creek,1.408961927,460,46003,H0205,2,3,3,2.56806905,NA,0,1,250000,Not_Border,NY,Include,Broome,F36007,Region_02,H02,Mid-Atlantic Region,H02050101,Upper Susquehanna,H02,Mid-Atlantic Region,NMRB,Not Mississippi River Basin,4.36749993,NHD100,Non-Urban,Non-Urban,Non-Urban,158,60a,Glaciated Low Allegheny Plateau,60,Northern Allegheny Plateau,8.1,MIXED WOOD PLAINS,8,EASTERN TEMPERATE FORESTS,NAP,Northern Appalachians,EHIGH,Eastern Highlands,Non Federal,Not_USFS,LS,1408.961927,c(423483.221793901, 4657554.31971357),46003,3
Site-143,Base,None,-76.03696547,43.57381405,3,962402.9502,1.04E-06,None,195699,129632032,6.00006E+13,4.1401E+12,967867,Trout Brook,2.192672569,460,46006,H0414,7,3,3,22.49293852,NA,0,1,5.00E+05,Not_Border,NY,Include,Oswego,F36075,Region_02,H04,Great Lakes Region,H04140102,Salmon-Sandy,H04,Great Lakes Region,NMRB,Not Mississippi River Basin,21.40699996,NHD100,Non-Urban,Non-Urban,Non-Urban,116,83c,Ontario Lowlands,83,Eastern Great Lakes Lowlands,8.1,MIXED WOOD PLAINS,8,EASTERN TEMPERATE FORESTS,NAP,Northern Appalachians,EHIGH,Eastern Highlands,Non Federal,Not_USFS,LS,2192.672569,c(416269.185431647, 4825061.38162308),46006,3
Site-144,Base,None,-73.25434272,43.46488702,3,962402.9502,1.04E-06,None,144636,{371A9253-DFCF-49EB-84C8-2D15DE0CD9BA},6.00002E+13,4.3001E+12,NA,NA,0.472078613,460,46006,H0430,7,3,3,2.75070528,NA,0,1,1.00E+05,Not_Border,NY,Include,Washington,F36115,Region_02,H02,Mid-Atlantic Region,H04300101,Mettawee River,H02,Mid-Atlantic Region,NMRB,Not Mississippi River Basin,3.96629996,NHD100,Non-Urban,Non-Urban,Non-Urban,117,58x,Taconic Foothills,58,Northeastern Highlands,5.3,ATLANTIC HIGHLANDS,5,NORTHERN FORESTS,NAP,Northern Appalachians,EHIGH,Eastern Highlands,Non Federal,Not_USFS,LS,472.0786131,c(641209.453987012, 4813921.84662075),46006,3
