siteID,siteuse,replsite,lon_WGS84,lat_WGS84,stratum,wgt,ip,caty,FRAME23_ID,PERM_ID,NHDPLUSID,REACHCODE,GNIS_ID,GNIS_NAME,LENGTH_KM,FTYPE,FCODE,HUC4,STREAM_LEV,STRAH_ORD,STRAH_CAL,MEAN_FLOW,WBPERM_ID,MAINPATH,INNETWORK,VISFILT,BORD_RIV,PSTL_CODE,FRAME23,CNTYNAME,STATECTY,EPA_REG,HUC2,HUC2_NM,HUC8,HUC8_NM,MAJ_BASIN,MAJ_BAS_NM,MIS_BASIN,MIS_BAS_NM,WSAREA_KM,NHD100K,URBN_NRS08,URBN_NRS18,URBN_NRS23,FEOW_ID,US_L4CODE,US_L4NAME,US_L3CODE,US_L3NAME,NA_L2CODE,NA_L2NAME,NA_L1CODE,NA_L1NAME,AG_ECO9,AG_ECO9_NM,AG_ECO3,AG_ECO3_NM,OWN_NARS,FS_EW,STRAH_CAT,Shape_Leng,geometry,geometry2,fcode,stream_order
Site-001,Base,None,-73.46203572,42.76017217,1,1067943.304,9.36E-07,None,303165,52815031,1.00E+13,2.02E+12,NA,NA,0.130916415,460,46006,H0202,4,1,1,4.12231406,NA,0,1,250000,Not_Border,NY,Include,Rensselaer,F36083,Region_02,H02,Mid-Atlantic Region,H02020006,Middle Hudson,H02,Mid-Atlantic Region,NMRB,Not Mississippi River Basin,5.48160001,NHD100,Non-Urban,Non-Urban,Non-Urban,118,58ag,Rensselaer Plateau,58,Northeastern Highlands,5.3,ATLANTIC HIGHLANDS,5,NORTHERN FORESTS,NAP,Northern Appalachians,EHIGH,Eastern Highlands,Non Federal,Not_USFS,SS,130.9164145,c(625844.584942177, 4735329.73871255),46006,1
Site-002,Base,None,-73.50223266,44.54373922,1,1067943.304,9.36E-07,None,180087,115349653,6.00E+13,4.30E+12,NA,NA,0.878410339,460,46003,H0430,7,1,1,1.76717495,NA,0,1,1.00E+05,Not_Border,NY,Include,Clinton,F36019,Region_02,H02,Mid-Atlantic Region,H04300104,Ausable River,H02,Mid-Atlantic Region,NMRB,Not Mississippi River Basin,4.59680002,NHD100,Non-Urban,Non-Urban,Non-Urban,117,83b,Champlain Lowlands,83,Eastern Great Lakes Lowlands,8.1,MIXED WOOD PLAINS,8,EASTERN TEMPERATE FORESTS,NAP,Northern Appalachians,EHIGH,Eastern Highlands,Non Federal,Not_USFS,SS,878.410339,c(618980.317998814, 4933358.62234041),46003,1
Site-003,Base,None,-75.79068069,43.86248684,1,1067943.304,9.36E-07,None,240967,129632750,6.00E+13,4.14E+12,NA,NA,0.876587926,460,46006,H0414,8,1,1,3.32370356,NA,0,1,1.00E+05,Not_Border,NY,Include,Lewis,F36049,Region_02,H04,Great Lakes Region,H04140102,Salmon-Sandy,H04,Great Lakes Region,NMRB,Not Mississippi River Basin,2.64889997,NHD100,Non-Urban,Non-Urban,Non-Urban,116,58af,Tug Hill Transition,58,Northeastern Highlands,5.3,ATLANTIC HIGHLANDS,5,NORTHERN FORESTS,NAP,Northern Appalachians,EHIGH,Eastern Highlands,Non Federal,Not_USFS,SS,876.5879255,c(436461.564964422, 4856903.54245125),46006,1
Site-004,Base,None,-77.8939403,43.01730441,1,1067943.304,9.36E-07,None,226659,159048486,6.00E+13,4.13E+12,NA,NA,2.748465124,460,46006,H0413,12,1,1,4.47805767,NA,0,1,250000,Not_Border,NY,Include,Monroe,F36055,Region_02,H04,Great Lakes Region,H04130003,Lower Genesee,H04,Great Lakes Region,NMRB,Not Mississippi River Basin,11.49939996,NHD100,Non-Urban,Non-Urban,Non-Urban,116,83c,Ontario Lowlands,83,Eastern Great Lakes Lowlands,8.1,MIXED WOOD PLAINS,8,EASTERN TEMPERATE FORESTS,NAP,Northern Appalachians,EHIGH,Eastern Highlands,Non Federal,Not_USFS,SS,2748.465124,c(264178.812110252, 4766801.19484627),46006,1
Site-005,Base,None,-74.2393062,41.76608989,1,1067943.304,9.36E-07,None,115249,61770781,1.00E+13,2.02E+12,NA,NA,0.581573824,460,46006,H0202,4,1,1,1.548345,NA,0,1,0,Not_Border,NY,Include,Ulster,F36111,Region_02,H02,Mid-Atlantic Region,H02020007,Rondout,H02,Mid-Atlantic Region,NMRB,Not Mississippi River Basin,2.2263,NHD100,Non-Urban,Non-Urban,Non-Urban,118,67l,"Northern Glaciated Limestone Ridges, Valleys, and Terraces",67,Ridge and Valley,8.4,OZARK/OUACHITA-APPALACHIAN FORESTS,8,EASTERN TEMPERATE FORESTS,SAP,Southern Appalachians,EHIGH,Eastern Highlands,Non Federal,Not_USFS,SS,581.5738244,c(563229.254607273, 4624085.57484501),46006,1
Site-006,Base,None,-74.03030239,44.23004706,1,1067943.304,9.36E-07,None,320335,115351155,6.00E+13,4.30E+12,NA,NA,1.744023124,460,46006,H0430,8,1,1,2.68955793,NA,0,1,1.00E+05,Not_Border,NY,Include,Essex,F36031,Region_02,H02,Mid-Atlantic Region,H04300104,Ausable River,H02,Mid-Atlantic Region,NMRB,Not Mississippi River Basin,2.87139997,NHD100,Non-Urban,Non-Urban,Non-Urban,117,58ad,Central Adirondacks,58,Northeastern Highlands,5.3,ATLANTIC HIGHLANDS,5,NORTHERN FORESTS,NAP,Northern Appalachians,EHIGH,Eastern Highlands,Non Federal,Not_USFS,SS,1744.023124,c(577443.726134351, 4897881.32998607),46006,1
Site-007,Base,None,-74.59093481,43.36257778,1,1067943.304,9.36E-07,None,311165,47695290,1.00E+13,2.02E+12,NA,NA,0.400384141,460,46006,H0202,6,1,1,1.713105,NA,0,1,0,Not_Border,NY,Include,Hamilton,F36041,Region_02,H02,Mid-Atlantic Region,H02020002,Sacandaga,H02,Mid-Atlantic Region,NMRB,Not Mississippi River Basin,1.66060002,NHD100,Non-Urban,Non-Urban,Non-Urban,118,58aa,Acid Sensitive Adirondacks,58,Northeastern Highlands,5.3,ATLANTIC HIGHLANDS,5,NORTHERN FORESTS,NAP,Northern Appalachians,EHIGH,Eastern Highlands,Non Federal,Not_USFS,SS,400.3841415,c(533145.5255543, 4801160.96430755),46006,1
Site-008,Base,None,-77.65244916,42.79385509,1,1067943.304,9.36E-07,None,208131,42144489,6.00E+13,4.13E+12,954696,Kinney Creek,2.637980287,460,46006,H0413,13,1,1,1.04444812,NA,0,1,1.00E+05,Not_Border,NY,Include,Livingston,F36051,Region_02,H04,Great Lakes Region,H04130003,Lower Genesee,H04,Great Lakes Region,NMRB,Not Mississippi River Basin,2.29030004,NHD100,Non-Urban,Non-Urban,Non-Urban,116,83c,Ontario Lowlands,83,Eastern Great Lakes Lowlands,8.1,MIXED WOOD PLAINS,8,EASTERN TEMPERATE FORESTS,NAP,Northern Appalachians,EHIGH,Eastern Highlands,Non Federal,Not_USFS,SS,2637.980287,c(283075.805564684, 4741335.61788387),46006,1
Site-009,Base,None,-75.26340504,42.78148368,1,1067943.304,9.36E-07,None,125130,43471061,1.00E+13,2.05E+12,NA,NA,3.17684483,460,46006,H0205,4,1,1,1.3552,NA,0,1,1.00E+05,Not_Border,NY,Include,Madison,F36053,Region_02,H02,Mid-Atlantic Region,H02050101,Upper Susquehanna,H02,Mid-Atlantic Region,NMRB,Not Mississippi River Basin,2.46279999,NHD100,Non-Urban,Non-Urban,Non-Urban,158,60a,Glaciated Low Allegheny Plateau,60,Northern Allegheny Plateau,8.1,MIXED WOOD PLAINS,8,EASTERN TEMPERATE FORESTS,NAP,Northern Appalachians,EHIGH,Eastern Highlands,Non Federal,Not_USFS,SS,3176.84483,c(478454.358667608, 4736583.03379927),46006,1
Site-010,Base,None,-74.2936057,43.90381456,1,1067943.304,9.36E-07,None,143768,89349065,1.00E+13,2.02E+12,NA,NA,2.203760103,460,46006,H0202,4,1,1,3.66795697,NA,0,1,0,Not_Border,NY,Include,Essex,F36031,Region_02,H02,Mid-Atlantic Region,H02020001,Upper Hudson,H02,Mid-Atlantic Region,NMRB,Not Mississippi River Basin,3.79370002,NHD100,Non-Urban,Non-Urban,Non-Urban,118,58aa,Acid Sensitive Adirondacks,58,Northeastern Highlands,5.3,ATLANTIC HIGHLANDS,5,NORTHERN FORESTS,NAP,Northern Appalachians,EHIGH,Eastern Highlands,Non Federal,Not_USFS,SS,2203.760103,c(556726.005820887, 4861432.32085926),46006,1
Site-011,Base,None,-74.78155467,44.92668406,1,1067943.304,9.36E-07,None,162816,132419651,6.00E+13,4.29E+12,NA,NA,2.506163645,460,46003,H0429,6,1,1,1.487307,NA,0,1,1.00E+05,Not_Border,NY,Include,St. Lawrence,F36089,Region_02,H04,Great Lakes Region,H04290005,Raquette,H04,Great Lakes Region,NMRB,Not Mississippi River Basin,3.9508,NHD100,Non-Urban,Non-Urban,Non-Urban,117,83d,St. Lawrence Lowlands,83,Eastern Great Lakes Lowlands,8.1,MIXED WOOD PLAINS,8,EASTERN TEMPERATE FORESTS,NAP,Northern Appalachians,EHIGH,Eastern Highlands,Non Federal,Not_USFS,SS,2506.163645,c(517238.776182624, 4974829.18889633),46003,1
Site-012,Base,None,-78.76196262,42.83696085,1,1067943.304,9.36E-07,None,184114,108909009,6.00E+13,4.12E+12,949328,Ebenezer Brook,1.723200794,460,46006,H0412,8,1,1,1.82442716,NA,0,1,1.00E+05,Not_Border,NY,Include,Erie,F36029,Region_02,H04,Great Lakes Region,H04120103,Buffalo-Eighteenmile,H04,Great Lakes Region,NMRB,Not Mississippi River Basin,3.3826,NHD100,Urban,Urban,Urban,116,83a,Erie/Ontario Lake Plain,83,Eastern Great Lakes Lowlands,8.1,MIXED WOOD PLAINS,8,EASTERN TEMPERATE FORESTS,NAP,Northern Appalachians,EHIGH,Eastern Highlands,Non Federal,Not_USFS,SS,1723.200794,c(192542.185801062, 4749577.79475284),46006,1
Site-013,Base,None,-75.68279937,42.50791652,1,1067943.304,9.36E-07,None,281515,62624534,1.00E+13,2.05E+12,944525,Bowman Creek,0.931071545,460,46006,H0205,3,1,1,4.06186175,NA,0,1,1.00E+05,Not_Border,NY,Include,Chenango,F36017,Region_02,H02,Mid-Atlantic Region,H02050102,Chenango,H02,Mid-Atlantic Region,NMRB,Not Mississippi River Basin,6.10190004,NHD100,Non-Urban,Non-Urban,Non-Urban,158,60a,Glaciated Low Allegheny Plateau,60,Northern Allegheny Plateau,8.1,MIXED WOOD PLAINS,8,EASTERN TEMPERATE FORESTS,NAP,Northern Appalachians,EHIGH,Eastern Highlands,Non Federal,Not_USFS,SS,931.0715448,c(443903.976169726, 4706397.97622302),46006,1
Site-014,Base,None,-74.02508967,43.1976369,1,1067943.304,9.36E-07,None,224375,47712165,1.00E+13,2.02E+12,NA,NA,1.577253409,460,46006,H0202,5,1,1,4.13017101,NA,0,1,0,Not_Border,NY,Include,Saratoga,F36091,Region_02,H02,Mid-Atlantic Region,H02020002,Sacandaga,H02,Mid-Atlantic Region,NMRB,Not Mississippi River Basin,4.5873,NHD100,Non-Urban,Non-Urban,Non-Urban,118,58aa,Acid Sensitive Adirondacks,58,Northeastern Highlands,5.3,ATLANTIC HIGHLANDS,5,NORTHERN FORESTS,NAP,Northern Appalachians,EHIGH,Eastern Highlands,Non Federal,Not_USFS,SS,1577.253409,c(579208.419677538, 4783223.72492849),46006,1
Site-015,Base,None,-75.80654431,44.05969312,1,1067943.304,9.36E-07,None,226172,131858644,6.00E+13,4.29E+12,NA,NA,3.589480951,460,46006,H0429,9,1,1,2.816479,NA,0,1,5.00E+05,Not_Border,NY,Include,Jefferson,F36045,Region_02,H04,Great Lakes Region,H04290002,Indian,H04,Great Lakes Region,NMRB,Not Mississippi River Basin,5.09480002,NHD100,Urban,Non-Urban,Non-Urban,117,83d,St. Lawrence Lowlands,83,Eastern Great Lakes Lowlands,8.1,MIXED WOOD PLAINS,8,EASTERN TEMPERATE FORESTS,NAP,Northern Appalachians,EHIGH,Eastern Highlands,DOD,Not_USFS,SS,3589.480951,c(435400.820473931, 4878819.05493272),46006,1
Site-016,Base,None,-78.72181739,42.23592616,1,1067943.304,9.36E-07,None,100738,112354979,2.40E+13,5.01E+12,NA,NA,0.887154886,460,46006,H0501,5,1,1,1.77824717,NA,0,1,1.00E+05,Not_Border,NY,Include,Cattaraugus,F36009,Region_02,H05,Ohio Region,H05010001,Upper Allegheny,H05_06,Ohio-Tennessee Region,H05_06,Ohio-Tennessee Region,2.00239999,NHD100,Non-Urban,Non-Urban,Non-Urban,150,62d,Unglaciated High Allegheny Plateau,62,North Central Appalachians,5.3,ATLANTIC HIGHLANDS,5,NORTHERN FORESTS,NAP,Northern Appalachians,EHIGH,Eastern Highlands,Non Federal,Not_USFS,SS,887.1548855,c(192888.004173667, 4682681.189411),46006,1
Site-017,Base,None,-73.52396524,42.0870415,1,1067943.304,9.36E-07,None,20706,52837959,1.00E+13,2.02E+12,NA,NA,0.443315451,460,46006,H0202,5,1,1,3.13978366,NA,0,1,250000,Not_Border,NY,Include,Columbia,F36021,Region_02,H02,Mid-Atlantic Region,H02020006,Middle Hudson,H02,Mid-Atlantic Region,NMRB,Not Mississippi River Basin,4.19070001,NHD100,Non-Urban,Non-Urban,Non-Urban,118,58b,Western New England Marble Valleys,58,Northeastern Highlands,5.3,ATLANTIC HIGHLANDS,5,NORTHERN FORESTS,NAP,Northern Appalachians,EHIGH,Eastern Highlands,Non Federal,Not_USFS,SS,443.3154515,c(622076.353355478, 4660494.48532278),46006,1
Site-018,Base,None,-74.17647755,44.56996661,1,1067943.304,9.36E-07,None,342352,132874368,6.00E+13,4.29E+12,NA,NA,1.00617845,460,46006,H0429,7,1,1,1.050887,NA,0,1,1.00E+05,Not_Border,NY,Include,Franklin,F36033,Region_02,H04,Great Lakes Region,H04290007,Salmon,H04,Great Lakes Region,NMRB,Not Mississippi River Basin,1.536,NHD100,Non-Urban,Non-Urban,Non-Urban,117,58aa,Acid Sensitive Adirondacks,58,Northeastern Highlands,5.3,ATLANTIC HIGHLANDS,5,NORTHERN FORESTS,NAP,Northern Appalachians,EHIGH,Eastern Highlands,Non Federal,Not_USFS,SS,1006.17845,c(565389.875941824, 4935510.74678085),46006,1
Site-019,Base,None,-75.65879901,43.44995428,1,1067943.304,9.36E-07,None,343010,124492718,6.00E+13,4.14E+12,NA,NA,0.393191589,460,46006,H0414,10,1,1,4.38835537,NA,0,1,1.00E+05,Not_Border,NY,Include,Oneida,F36065,Region_02,H04,Great Lakes Region,H04140202,Oneida,H04,Great Lakes Region,NMRB,Not Mississippi River Basin,3.95780002,NHD100,Non-Urban,Non-Urban,Non-Urban,116,58ae,Tug Hill Plateau,58,Northeastern Highlands,5.3,ATLANTIC HIGHLANDS,5,NORTHERN FORESTS,NAP,Northern Appalachians,EHIGH,Eastern Highlands,Non Federal,Not_USFS,SS,393.1915892,c(446695.800801292, 4810994.18388685),46006,1
Site-020,Base,None,-78.60077272,42.97186283,1,1067943.304,9.36E-07,None,322312,118011561,6.00E+13,4.27E+12,962189,Ransom Creek,0.719470915,460,46006,H0427,8,1,1,2.12963837,NA,0,1,250000,Not_Border,NY,Include,Erie,F36029,Region_02,H04,Great Lakes Region,H04270101,Niagara River,H04,Great Lakes Region,NMRB,Not Mississippi River Basin,3.90300003,NHD100,Urban,Urban,Urban,116,83c,Ontario Lowlands,83,Eastern Great Lakes Lowlands,8.1,MIXED WOOD PLAINS,8,EASTERN TEMPERATE FORESTS,NAP,Northern Appalachians,EHIGH,Eastern Highlands,Non Federal,Not_USFS,SS,719.470915,c(206359.130799038, 4763984.007615),46006,1
Site-021,Base,None,-73.76465188,41.65918692,1,1067943.304,9.36E-07,None,78247,162424251,1.00E+13,2.02E+12,NA,NA,1.841465827,460,46006,H0202,5,1,1,1.094404,NA,0,1,0,Not_Border,NY,Include,Dutchess,F36027,Region_02,H02,Mid-Atlantic Region,H02020008,Hudson-Wappinger,H02,Mid-Atlantic Region,NMRB,Not Mississippi River Basin,1.79510002,NHD100,Non-Urban,Non-Urban,Non-Urban,118,58x,Taconic Foothills,58,Northeastern Highlands,5.3,ATLANTIC HIGHLANDS,5,NORTHERN FORESTS,NAP,Northern Appalachians,EHIGH,Eastern Highlands,Non Federal,Not_USFS,SS,1841.465827,c(602853.634506002, 4612674.34944558),46006,1
Site-022,Base,None,-74.16278396,43.99281524,1,1067943.304,9.36E-07,None,301729,89346549,1.00E+13,2.02E+12,NA,NA,0.807628966,460,46006,H0202,3,1,1,2.46896134,NA,0,1,0,Not_Border,NY,Include,Essex,F36031,Region_02,H02,Mid-Atlantic Region,H02020001,Upper Hudson,H02,Mid-Atlantic Region,NMRB,Not Mississippi River Basin,3.22279998,NHD100,Non-Urban,Non-Urban,Non-Urban,118,58ad,Central Adirondacks,58,Northeastern Highlands,5.3,ATLANTIC HIGHLANDS,5,NORTHERN FORESTS,NAP,Northern Appalachians,EHIGH,Eastern Highlands,Non Federal,Not_USFS,SS,807.6289658,c(567131.239115795, 4871415.52131497),46006,1
Site-023,Base,None,-76.06480498,43.30754623,1,1067943.304,9.36E-07,None,251582,167069878,6.00E+13,4.14E+12,965434,Slocum Creek,2.796837153,460,46006,H0414,8,1,1,2.2353157,NA,0,1,1.00E+05,Not_Border,NY,Include,Oswego,F36075,Region_02,H04,Great Lakes Region,H04140202,Oneida,H04,Great Lakes Region,NMRB,Not Mississippi River Basin,2.88689998,NHD100,Non-Urban,Non-Urban,Non-Urban,116,83c,Ontario Lowlands,83,Eastern Great Lakes Lowlands,8.1,MIXED WOOD PLAINS,8,EASTERN TEMPERATE FORESTS,NAP,Northern Appalachians,EHIGH,Eastern Highlands,Non Federal,Not_USFS,SS,2796.837153,c(413643.320218621, 4795518.64185014),46006,1
Site-024,Base,None,-77.90369295,42.53152537,1,1067943.304,9.36E-07,None,105017,167785142,6.00E+13,4.13E+12,958539,Newville Creek,0.766506632,460,46003,H0413,13,1,1,1.68594096,NA,0,1,250000,Not_Border,NY,Include,Livingston,F36051,Region_02,H04,Great Lakes Region,H04130002,Upper Genesee,H04,Great Lakes Region,NMRB,Not Mississippi River Basin,3.16160001,NHD100,Non-Urban,Non-Urban,Non-Urban,116,60a,Glaciated Low Allegheny Plateau,60,Northern Allegheny Plateau,8.1,MIXED WOOD PLAINS,8,EASTERN TEMPERATE FORESTS,NAP,Northern Appalachians,EHIGH,Eastern Highlands,Non Federal,Not_USFS,SS,766.5066324,c(261525.719330629, 4712880.37803753),46003,1
Site-025,Base,None,-79.018209,42.0693337,2,1112126.183,8.99E-07,None,103168,112363129,2.40E+13,5.01E+12,955468,Little Bone Run,0.882444407,460,46006,H0501,4,2,2,6.57043554,NA,0,1,1.00E+06,Not_Border,NY,Include,Cattaraugus,F36009,Region_02,H05,Ohio Region,H05010001,Upper Allegheny,H05_06,Ohio-Tennessee Region,H05_06,Ohio-Tennessee Region,8.21959995,NHD100,Non-Urban,Non-Urban,Non-Urban,150,62d,Unglaciated High Allegheny Plateau,62,North Central Appalachians,5.3,ATLANTIC HIGHLANDS,5,NORTHERN FORESTS,NAP,Northern Appalachians,EHIGH,Eastern Highlands,Non Federal,Not_USFS,SS,882.4444074,c(167554.779286162, 4665291.86445624),46006,2
Site-026,Base,None,-74.81141099,42.16516542,2,1112126.183,8.99E-07,None,70300,25528514,1.00E+13,2.04E+12,NA,NA,1.590246071,460,46006,H0204,3,2,2,5.27024169,NA,0,1,0,Not_Border,NY,Include,Delaware,F36025,Region_02,H02,Mid-Atlantic Region,H02040102,East Branch Delaware,H02,Mid-Atlantic Region,NMRB,Not Mississippi River Basin,6.82150001,NHD100,Non-Urban,Non-Urban,Non-Urban,118,60c,Catskills Transition,60,Northern Allegheny Plateau,8.1,MIXED WOOD PLAINS,8,EASTERN TEMPERATE FORESTS,NAP,Northern Appalachians,EHIGH,Eastern Highlands,Non Federal,Not_USFS,SS,1590.246071,c(515578.041843107, 4668131.82714918),46006,2
Site-027,Base,None,-73.35904624,42.545086,2,1112126.183,8.99E-07,None,145933,52820463,1.00E+13,2.02E+12,NA,NA,1.888899257,460,46006,H0202,3,2,2,1.268146,NA,0,1,1.00E+05,Not_Border,NY,Include,Rensselaer,F36083,Region_02,H02,Mid-Atlantic Region,H02020006,Middle Hudson,H02,Mid-Atlantic Region,NMRB,Not Mississippi River Basin,2.01320002,NHD100,Non-Urban,Non-Urban,Non-Urban,118,58x,Taconic Foothills,58,Northeastern Highlands,5.3,ATLANTIC HIGHLANDS,5,NORTHERN FORESTS,NAP,Northern Appalachians,EHIGH,Eastern Highlands,Non Federal,Not_USFS,SS,1888.899257,c(634735.526202364, 4711604.18561931),46006,2
Site-028,Base,None,-74.9488446,43.98715232,2,1112126.183,8.99E-07,None,332440,133095210,6.00E+13,4.29E+12,NA,NA,0.637671622,460,46006,H0429,8,2,2,3.163899,NA,0,1,1.00E+05,Not_Border,NY,Include,Herkimer,F36043,Region_02,H04,Great Lakes Region,H04290003,Oswegatchie,H04,Great Lakes Region,NMRB,Not Mississippi River Basin,3.72289993,NHD100,Non-Urban,Non-Urban,Non-Urban,117,58aa,Acid Sensitive Adirondacks,58,Northeastern Highlands,5.3,ATLANTIC HIGHLANDS,5,NORTHERN FORESTS,NAP,Northern Appalachians,EHIGH,Eastern Highlands,Non Federal,Not_USFS,SS,637.6716217,c(504102.223523379, 4870447.15116629),46006,2
Site-029,Base,None,-78.54165596,42.56755672,2,1112126.183,8.99E-07,None,205860,87204804,6.00E+13,4.12E+12,NA,NA,1.260201689,460,46006,H0412,9,2,2,3.4684607,NA,0,1,250000,Not_Border,NY,Include,Erie,F36029,Region_02,H04,Great Lakes Region,H04120102,Cattaraugus,H04,Great Lakes Region,NMRB,Not Mississippi River Basin,4.60779996,NHD100,Non-Urban,Non-Urban,Non-Urban,116,60f,Cattaraugus Hills,60,Northern Allegheny Plateau,8.1,MIXED WOOD PLAINS,8,EASTERN TEMPERATE FORESTS,NAP,Northern Appalachians,EHIGH,Eastern Highlands,Non Federal,Not_USFS,SS,1260.201689,c(209293.328317163, 4718876.44353123),46006,2
Site-030,Base,None,-74.67145484,42.45171552,2,1112126.183,8.99E-07,None,58058,43478521,1.00E+13,2.05E+12,NA,NA,2.22037429,460,46006,H0205,5,2,2,2.67898159,NA,0,1,1.00E+05,Not_Border,NY,Include,Delaware,F36025,Region_02,H02,Mid-Atlantic Region,H02050101,Upper Susquehanna,H02,Mid-Atlantic Region,NMRB,Not Mississippi River Basin,4.17770005,NHD100,Non-Urban,Non-Urban,Non-Urban,158,60a,Glaciated Low Allegheny Plateau,60,Northern Allegheny Plateau,8.1,MIXED WOOD PLAINS,8,EASTERN TEMPERATE FORESTS,NAP,Northern Appalachians,EHIGH,Eastern Highlands,Non Federal,Not_USFS,SS,2220.37429,c(527016.058921405, 4699983.94461349),46006,2
Site-031,Base,None,-76.98566378,43.18358254,2,1112126.183,8.99E-07,None,170192,113130383,6.00E+13,4.14E+12,964764,Second Creek,2.820603755,460,46006,H0414,8,2,2,5.95561474,NA,0,1,250000,Not_Border,NY,Include,Wayne,F36117,Region_02,H04,Great Lakes Region,H04140101,Irondequoit-Ninemile,H04,Great Lakes Region,NMRB,Not Mississippi River Basin,13.02920002,NHD100,Non-Urban,Non-Urban,Non-Urban,116,83a,Erie/Ontario Lake Plain,83,Eastern Great Lakes Lowlands,8.1,MIXED WOOD PLAINS,8,EASTERN TEMPERATE FORESTS,NAP,Northern Appalachians,EHIGH,Eastern Highlands,Non Federal,Not_USFS,SS,2820.603755,c(338632.399016729, 4783115.60229192),46006,2
Site-032,Base,None,-74.22868197,43.17284308,2,1112126.183,8.99E-07,None,143024,47713209,1.00E+13,2.02E+12,NA,NA,1.642027731,460,46006,H0202,5,2,2,3.39207949,NA,0,1,0,Not_Border,NY,Include,Fulton,F36035,Region_02,H02,Mid-Atlantic Region,H02020002,Sacandaga,H02,Mid-Atlantic Region,NMRB,Not Mississippi River Basin,3.8505,NHD100,Non-Urban,Non-Urban,Non-Urban,118,58ac,Eastern Adirondack Foothills,58,Northeastern Highlands,5.3,ATLANTIC HIGHLANDS,5,NORTHERN FORESTS,NAP,Northern Appalachians,EHIGH,Eastern Highlands,Non Federal,Not_USFS,SS,1642.027731,c(562692.476430468, 4780297.74789379),46006,2
Site-033,Base,None,-77.8759413,42.22029353,2,1112126.183,8.99E-07,None,294859,84194573,6.00E+13,4.13E+12,NA,NA,0.815002563,460,46003,H0413,12,2,2,1.30264287,NA,0,1,1.00E+05,Not_Border,NY,Include,Allegany,F36003,Region_02,H04,Great Lakes Region,H04130002,Upper Genesee,H04,Great Lakes Region,NMRB,Not Mississippi River Basin,1.99720002,NHD100,Non-Urban,Non-Urban,Non-Urban,116,60e,Glaciated Allegheny Hills,60,Northern Allegheny Plateau,8.1,MIXED WOOD PLAINS,8,EASTERN TEMPERATE FORESTS,NAP,Northern Appalachians,EHIGH,Eastern Highlands,Non Federal,Not_USFS,SS,815.0025632,c(262634.82423416, 4678240.56665453),46003,2
Site-034,Base,None,-74.28449829,41.64897871,2,1112126.183,8.99E-07,None,29466,61771579,1.00E+13,2.02E+12,943348,Beaver Brook,1.411248433,460,46006,H0202,6,2,2,8.14515943,NA,0,1,0,Not_Border,NY,Include,Ulster,F36111,Region_02,H02,Mid-Atlantic Region,H02020007,Rondout,H02,Mid-Atlantic Region,NMRB,Not Mississippi River Basin,11.0023,NHD100,Non-Urban,Non-Urban,Non-Urban,118,67k,Northern Glaciated Shale and Slate Valleys,67,Ridge and Valley,8.4,OZARK/OUACHITA-APPALACHIAN FORESTS,8,EASTERN TEMPERATE FORESTS,SAP,Southern Appalachians,EHIGH,Eastern Highlands,Non Federal,Not_USFS,SS,1411.248433,c(559580.876727885, 4611051.16605916),46006,2
Site-035,Base,None,-75.19088423,43.11332696,2,1112126.183,8.99E-07,None,156890,53527325,1.00E+13,2.02E+12,NA,NA,0.750062238,460,46006,H0202,5,2,2,2.9623954,NA,0,1,0,Not_Border,NY,Include,Oneida,F36065,Region_02,H02,Mid-Atlantic Region,H02020004,Mohawk,H02,Mid-Atlantic Region,NMRB,Not Mississippi River Basin,4.67070001,NHD100,Urban,Urban,Urban,118,83f,Mohawk Valley,83,Eastern Great Lakes Lowlands,8.1,MIXED WOOD PLAINS,8,EASTERN TEMPERATE FORESTS,NAP,Northern Appalachians,EHIGH,Eastern Highlands,Non Federal,Not_USFS,SS,750.0622378,c(484469.963706315, 4773417.3681253),46006,2
Site-036,Base,None,-74.30636254,43.69134109,2,1112126.183,8.99E-07,None,304756,89355903,1.00E+13,2.02E+12,NA,NA,0.39577517,460,46006,H0202,3,2,2,6.59458711,NA,0,1,0,Not_Border,NY,Include,Hamilton,F36041,Region_02,H02,Mid-Atlantic Region,H02020001,Upper Hudson,H02,Mid-Atlantic Region,NMRB,Not Mississippi River Basin,8.36109999,NHD100,Non-Urban,Non-Urban,Non-Urban,118,58aa,Acid Sensitive Adirondacks,58,Northeastern Highlands,5.3,ATLANTIC HIGHLANDS,5,NORTHERN FORESTS,NAP,Northern Appalachians,EHIGH,Eastern Highlands,Non Federal,Not_USFS,SS,395.7751701,c(555899.320671327, 4837825.44509146),46006,2
Site-037,Base,None,-76.92308241,42.53319841,2,1112126.183,8.99E-07,None,258360,87951450,6.00E+13,4.14E+12,NA,NA,6.278898091,460,46006,H0414,6,2,2,2.31754584,NA,0,1,5.00E+05,Not_Border,NY,Include,Yates,F36123,Region_02,H04,Great Lakes Region,H04140201,Seneca,H04,Great Lakes Region,NMRB,Not Mississippi River Basin,5.66119997,NHD100,Non-Urban,Non-Urban,Non-Urban,116,60d,Finger Lakes Uplands and Gorges,60,Northern Allegheny Plateau,8.1,MIXED WOOD PLAINS,8,EASTERN TEMPERATE FORESTS,NAP,Northern Appalachians,EHIGH,Eastern Highlands,Non Federal,Not_USFS,SS,6278.898091,c(342068.768260617, 4710771.47151325),46006,2
Site-038,Base,None,-73.76427006,42.4195309,2,1112126.183,8.99E-07,None,67321,52825449,1.00E+13,2.02E+12,NA,NA,2.822719195,460,46006,H0202,2,2,2,3.69220529,NA,0,1,250000,Not_Border,NY,Include,Columbia,F36021,Region_02,H02,Mid-Atlantic Region,H02020006,Middle Hudson,H02,Mid-Atlantic Region,NMRB,Not Mississippi River Basin,7.79950005,NHD100,Non-Urban,Non-Urban,Non-Urban,118,59i,Hudson Valley,59,Northeastern Coastal Zone,8.1,MIXED WOOD PLAINS,8,EASTERN TEMPERATE FORESTS,NAP,Northern Appalachians,EHIGH,Eastern Highlands,Non Federal,Not_USFS,SS,2822.719195,c(601665.965672261, 4697097.57226791),46006,2
Site-039,Base,None,-75.01200378,43.49903046,2,1112126.183,8.99E-07,None,318308,131800322,6.00E+13,4.14E+12,955733,Little Woodhull Creek,2.170595454,460,46006,H0414,8,2,2,23.0955967,NA,0,1,1.00E+06,Not_Border,NY,Include,Herkimer,F36043,Region_02,H04,Great Lakes Region,H04140301,Black,H04,Great Lakes Region,NMRB,Not Mississippi River Basin,21.18300005,NHD100,Non-Urban,Non-Urban,Non-Urban,116,58aa,Acid Sensitive Adirondacks,58,Northeastern Highlands,5.3,ATLANTIC HIGHLANDS,5,NORTHERN FORESTS,NAP,Northern Appalachians,EHIGH,Eastern Highlands,Non Federal,Not_USFS,SS,2170.595454,c(499029.546699896, 4816233.77545961),46006,2
Site-040,Base,None,-73.66596737,44.34535425,2,1112126.183,8.99E-07,None,227318,115350527,6.00E+13,4.30E+12,959056,Number Five Brook,2.301276946,460,46006,H0430,8,2,2,2.58545556,NA,0,1,1.00E+05,Not_Border,NY,Include,Essex,F36031,Region_02,H02,Mid-Atlantic Region,H04300104,Ausable River,H02,Mid-Atlantic Region,NMRB,Not Mississippi River Basin,2.28710003,NHD100,Non-Urban,Non-Urban,Non-Urban,117,58z,Adirondack High Peaks,58,Northeastern Highlands,5.3,ATLANTIC HIGHLANDS,5,NORTHERN FORESTS,NAP,Northern Appalachians,EHIGH,Eastern Highlands,Non Federal,Not_USFS,SS,2301.276946,c(606332.769618982, 4911097.08016522),46006,2
Site-041,Base,None,-78.5266641,42.05788959,2,1112126.183,8.99E-07,None,99908,112360357,2.40E+13,5.01E+12,970758,West Branch Fourmile Creek,0.855160871,460,46006,H0501,4,2,2,1.67119335,NA,0,1,1.00E+05,Not_Border,NY,Include,Cattaraugus,F36009,Region_02,H05,Ohio Region,H05010001,Upper Allegheny,H05_06,Ohio-Tennessee Region,H05_06,Ohio-Tennessee Region,2.19960002,NHD100,Non-Urban,Non-Urban,Non-Urban,150,62d,Unglaciated High Allegheny Plateau,62,North Central Appalachians,5.3,ATLANTIC HIGHLANDS,5,NORTHERN FORESTS,NAP,Northern Appalachians,EHIGH,Eastern Highlands,Non Federal,Not_USFS,SS,855.1608706,c(208175.768821516, 4662224.01031787),46006,2
Site-042,Base,None,-74.91007767,42.31073766,2,1112126.183,8.99E-07,None,97295,4D9A2922-D573-4490-BE0D-BC9798029289,1.00E+13,2.04E+12,NA,NA,1.718133435,460,46006,H0204,4,2,2,1.141808,NA,0,1,50000,Not_Border,NY,Include,Delaware,F36025,Region_02,H02,Mid-Atlantic Region,H02040101,Upper Delaware,H02,Mid-Atlantic Region,NMRB,Not Mississippi River Basin,1.7272,Not_NHD100,Non-Urban,Non-Urban,Non-Urban,118,60a,Glaciated Low Allegheny Plateau,60,Northern Allegheny Plateau,8.1,MIXED WOOD PLAINS,8,EASTERN TEMPERATE FORESTS,NAP,Northern Appalachians,EHIGH,Eastern Highlands,Non Federal,Not_USFS,SS,1718.133435,c(507410.812274363, 4684281.92297893),46006,2
Site-043,Base,None,-78.61596355,43.18859674,2,1112126.183,8.99E-07,None,215025,124606976,6.00E+13,4.13E+12,NA,NA,1.285258367,460,46003,H0413,10,2,2,1.62452415,NA,0,1,1.00E+05,Not_Border,NY,Include,Niagara,F36063,Region_02,H04,Great Lakes Region,H04130001,Oak Orchard-Twelvemile,H04,Great Lakes Region,NMRB,Not Mississippi River Basin,3.3721,NHD100,Non-Urban,Urban,Urban,116,83c,Ontario Lowlands,83,Eastern Great Lakes Lowlands,8.1,MIXED WOOD PLAINS,8,EASTERN TEMPERATE FORESTS,NAP,Northern Appalachians,EHIGH,Eastern Highlands,Non Federal,Not_USFS,SS,1285.258367,c(206159.220013673, 4788108.788987),46003,2
Site-044,Base,None,-75.34233978,44.65223705,2,1112126.183,8.99E-07,None,251313,133091886,6.00E+13,4.29E+12,976554,Lisbon Creek,1.592962322,460,46006,H0429,6,2,2,8.865738,NA,0,1,5.00E+06,Not_Border,NY,Include,St. Lawrence,F36089,Region_02,H04,Great Lakes Region,H04290003,Oswegatchie,H04,Great Lakes Region,NMRB,Not Mississippi River Basin,22.23920004,NHD100,Non-Urban,Non-Urban,Non-Urban,117,83d,St. Lawrence Lowlands,83,Eastern Great Lakes Lowlands,8.1,MIXED WOOD PLAINS,8,EASTERN TEMPERATE FORESTS,NAP,Northern Appalachians,EHIGH,Eastern Highlands,Non Federal,Not_USFS,SS,1592.962322,c(472855.670141533, 4944376.51857038),46006,2
Site-045,Base,None,-78.29498231,42.58196003,2,1112126.183,8.99E-07,None,241392,87204750,6.00E+13,4.12E+12,966051,Spring Brook,0.768548219,460,46006,H0412,7,2,2,4.02132254,NA,0,1,250000,Not_Border,NY,Include,Wyoming,F36121,Region_02,H04,Great Lakes Region,H04120102,Cattaraugus,H04,Great Lakes Region,NMRB,Not Mississippi River Basin,5.55669997,NHD100,Non-Urban,Non-Urban,Non-Urban,116,60a,Glaciated Low Allegheny Plateau,60,Northern Allegheny Plateau,8.1,MIXED WOOD PLAINS,8,EASTERN TEMPERATE FORESTS,NAP,Northern Appalachians,EHIGH,Eastern Highlands,Non Federal,Not_USFS,SS,768.5482188,c(229605.118285384, 4719657.8038937),46006,2
Site-046,Base,None,-75.35686374,42.71139809,2,1112126.183,8.99E-07,None,155785,43473427,1.00E+13,2.05E+12,964984,Shawler Brook,1.93622619,460,46006,H0205,4,2,2,6.93034919,NA,0,1,250000,Not_Border,NY,Include,Chenango,F36017,Region_02,H02,Mid-Atlantic Region,H02050101,Upper Susquehanna,H02,Mid-Atlantic Region,NMRB,Not Mississippi River Basin,11.19449997,NHD100,Non-Urban,Non-Urban,Non-Urban,158,60a,Glaciated Low Allegheny Plateau,60,Northern Allegheny Plateau,8.1,MIXED WOOD PLAINS,8,EASTERN TEMPERATE FORESTS,NAP,Northern Appalachians,EHIGH,Eastern Highlands,Non Federal,Not_USFS,SS,1936.22619,c(470776.844976578, 4728828.58698569),46006,2
Site-047,Base,None,-75.60348983,43.37529169,2,1112126.183,8.99E-07,None,210000,124493046,6.00E+13,4.14E+12,946625,Christian Brook,1.040362445,460,46006,H0414,10,2,2,5.81951731,NA,0,1,1.00E+05,Not_Border,NY,Include,Oneida,F36065,Region_02,H04,Great Lakes Region,H04140202,Oneida,H04,Great Lakes Region,NMRB,Not Mississippi River Basin,6.08969997,NHD100,Non-Urban,Non-Urban,Non-Urban,116,58ae,Tug Hill Plateau,58,Northeastern Highlands,5.3,ATLANTIC HIGHLANDS,5,NORTHERN FORESTS,NAP,Northern Appalachians,EHIGH,Eastern Highlands,Non Federal,Not_USFS,SS,1040.362445,c(451110.91749907, 4802668.50005387),46006,2
Site-048,Base,None,-74.18121108,42.98094299,2,1112126.183,8.99E-07,None,151922,53532837,1.00E+13,2.02E+12,NA,NA,1.454973763,460,46006,H0202,5,2,2,4.13163178,NA,0,1,0,Not_Border,NY,Include,Montgomery,F36057,Region_02,H02,Mid-Atlantic Region,H02020004,Mohawk,H02,Mid-Atlantic Region,NMRB,Not Mississippi River Basin,6.34210001,NHD100,Non-Urban,Non-Urban,Non-Urban,118,83f,Mohawk Valley,83,Eastern Great Lakes Lowlands,8.1,MIXED WOOD PLAINS,8,EASTERN TEMPERATE FORESTS,NAP,Northern Appalachians,EHIGH,Eastern Highlands,Non Federal,Not_USFS,SS,1454.973763,c(566758.920517436, 4759023.76768653),46006,2
Site-049,Base,None,-74.01284011,43.32624634,3,975153.2074,1.03E-06,None,123850,47698883,1.00E+13,2.02E+12,960001,Paul Creek,2.004011513,460,46006,H0202,3,3,3,26.82030222,NA,0,1,0,Not_Border,NY,Include,Saratoga,F36091,Region_02,H02,Mid-Atlantic Region,H02020002,Sacandaga,H02,Mid-Atlantic Region,NMRB,Not Mississippi River Basin,30.32270007,NHD100,Non-Urban,Non-Urban,Non-Urban,118,58ac,Eastern Adirondack Foothills,58,Northeastern Highlands,5.3,ATLANTIC HIGHLANDS,5,NORTHERN FORESTS,NAP,Northern Appalachians,EHIGH,Eastern Highlands,Non Federal,Not_USFS,LS,2004.011513,c(580035.00194692, 4797518.03889671),46006,3
Site-050,Base,None,-75.51427702,43.47507975,3,975153.2074,1.03E-06,None,176342,124492698,6.00E+13,4.14E+12,960839,Point Rock Creek,0.898265655,460,46006,H0414,9,3,3,23.29630452,NA,0,1,5.00E+05,Not_Border,NY,Include,Lewis,F36049,Region_02,H04,Great Lakes Region,H04140202,Oneida,H04,Great Lakes Region,NMRB,Not Mississippi River Basin,19.87380003,NHD100,Non-Urban,Non-Urban,Non-Urban,116,58ae,Tug Hill Plateau,58,Northeastern Highlands,5.3,ATLANTIC HIGHLANDS,5,NORTHERN FORESTS,NAP,Northern Appalachians,EHIGH,Eastern Highlands,Non Federal,Not_USFS,LS,898.2656555,c(458406.493399626, 4813702.22934557),46006,3
Site-051,Base,None,-75.11404021,42.56499635,3,975153.2074,1.03E-06,None,138073,43477269,1.00E+13,2.05E+12,954899,Lake Brook,2.898328007,460,46006,H0205,3,3,3,5.19613146,NA,0,1,1.00E+06,Not_Border,NY,Include,Otsego,F36077,Region_02,H02,Mid-Atlantic Region,H02050101,Upper Susquehanna,H02,Mid-Atlantic Region,NMRB,Not Mississippi River Basin,8.40990004,NHD100,Non-Urban,Non-Urban,Non-Urban,158,60a,Glaciated Low Allegheny Plateau,60,Northern Allegheny Plateau,8.1,MIXED WOOD PLAINS,8,EASTERN TEMPERATE FORESTS,NAP,Northern Appalachians,EHIGH,Eastern Highlands,Non Federal,Not_USFS,LS,2898.328007,c(490639.467353129, 4712516.52349374),46006,3
Site-052,Base,None,-78.80395085,42.79593979,3,975153.2074,1.03E-06,None,223648,108909773,6.00E+13,4.12E+12,965705,South Branch Smoke Creek,0.599026967,460,46006,H0412,7,3,3,20.26849983,NA,0,1,5.00E+05,Not_Border,NY,Include,Erie,F36029,Region_02,H04,Great Lakes Region,H04120103,Buffalo-Eighteenmile,H04,Great Lakes Region,NMRB,Not Mississippi River Basin,34.72359999,NHD100,Urban,Urban,Urban,116,83a,Erie/Ontario Lake Plain,83,Eastern Great Lakes Lowlands,8.1,MIXED WOOD PLAINS,8,EASTERN TEMPERATE FORESTS,NAP,Northern Appalachians,EHIGH,Eastern Highlands,Non Federal,Not_USFS,LS,599.0269674,c(188904.306181745, 4745176.14102645),46006,3
Site-053,Base,None,-74.48553307,43.94177312,3,975153.2074,1.03E-06,None,329538,132421811,6.00E+13,4.29E+12,959697,Owls Head Pond Outlet,1.873316944,460,46006,H0429,6,3,3,6.008437,NA,0,1,1.00E+05,Not_Border,NY,Include,Hamilton,F36041,Region_02,H04,Great Lakes Region,H04290005,Raquette,H04,Great Lakes Region,NMRB,Not Mississippi River Basin,7.88259997,NHD100,Non-Urban,Non-Urban,Non-Urban,117,58aa,Acid Sensitive Adirondacks,58,Northeastern Highlands,5.3,ATLANTIC HIGHLANDS,5,NORTHERN FORESTS,NAP,Northern Appalachians,EHIGH,Eastern Highlands,Non Federal,Not_USFS,LS,1873.316944,c(541287.266727429, 4865534.3726431),46006,3
Site-054,Base,None,-74.00169593,44.74147762,3,975153.2074,1.03E-06,None,147462,132874022,6.00E+13,4.30E+12,962778,Rocky Brook,1.051481602,460,46006,H0430,6,3,3,10.46489151,NA,0,1,5.00E+05,Not_Border,NY,Include,Franklin,F36033,Region_02,H04,Great Lakes Region,H04300201,Chateaugay-English,H04,Great Lakes Region,NMRB,Not Mississippi River Basin,12.80909996,NHD100,Non-Urban,Non-Urban,Non-Urban,117,58ab,Northern and Western Adirondack Foothills,58,Northeastern Highlands,5.3,ATLANTIC HIGHLANDS,5,NORTHERN FORESTS,NAP,Northern Appalachians,EHIGH,Eastern Highlands,Non Federal,Not_USFS,LS,1051.481602,c(579034.690686812, 4954717.18677471),46006,3
Site-055,Base,None,-76.18284079,42.64616755,3,975153.2074,1.03E-06,None,232848,62623312,1.00E+13,2.05E+12,949795,Factory Brook,1.809720914,460,46006,H0205,5,3,3,22.82239393,NA,0,1,5.00E+06,Not_Border,NY,Include,Cortland,F36023,Region_02,H02,Mid-Atlantic Region,H02050102,Chenango,H02,Mid-Atlantic Region,NMRB,Not Mississippi River Basin,37.30829994,NHD100,Urban,Urban,Urban,158,60d,Finger Lakes Uplands and Gorges,60,Northern Allegheny Plateau,8.1,MIXED WOOD PLAINS,8,EASTERN TEMPERATE FORESTS,NAP,Northern Appalachians,EHIGH,Eastern Highlands,Non Federal,Not_USFS,LS,1809.720914,c(403036.653109244, 4722201.63725534),46006,3
Site-056,Base,None,-76.97095765,42.45763951,3,975153.2074,1.03E-06,None,110272,87954228,6.00E+13,4.14E+12,962735,Rock Stream,0.590559932,460,46006,H0414,6,3,3,4.64292213,NA,0,1,250000,Not_Border,NY,Include,Schuyler,F36097,Region_02,H04,Great Lakes Region,H04140201,Seneca,H04,Great Lakes Region,NMRB,Not Mississippi River Basin,10.30459998,NHD100,Non-Urban,Non-Urban,Non-Urban,116,60d,Finger Lakes Uplands and Gorges,60,Northern Allegheny Plateau,8.1,MIXED WOOD PLAINS,8,EASTERN TEMPERATE FORESTS,NAP,Northern Appalachians,EHIGH,Eastern Highlands,Non Federal,Not_USFS,LS,590.5599316,c(337941.873266519, 4702471.44342271),46006,3
Site-057,Base,None,-75.28055531,44.18363631,3,975153.2074,1.03E-06,None,202192,133091543,6.00E+13,4.29E+12,976494,Jenny Creek,1.211624811,460,46006,H0429,8,3,3,29.506973,NA,0,1,1.00E+06,Not_Border,NY,Include,St. Lawrence,F36089,Region_02,H04,Great Lakes Region,H04290003,Oswegatchie,H04,Great Lakes Region,NMRB,Not Mississippi River Basin,44.59910006,NHD100,Non-Urban,Non-Urban,Non-Urban,117,58ab,Northern and Western Adirondack Foothills,58,Northeastern Highlands,5.3,ATLANTIC HIGHLANDS,5,NORTHERN FORESTS,NAP,Northern Appalachians,EHIGH,Eastern Highlands,Non Federal,Not_USFS,LS,1211.624811,c(477576.21771454, 4892307.51390462),46006,3
Site-058,Base,None,-73.71275769,41.39920888,3,975153.2074,1.03E-06,None,63937,55489451,1.00E+13,2.03E+12,NA,NA,0.953422616,460,46006,H0203,4,3,3,5.2329289,NA,0,1,0,Not_Border,NY,Include,Putnam,F36079,Region_02,H02,Mid-Atlantic Region,H02030101,Lower Hudson,H02,Mid-Atlantic Region,NMRB,Not Mississippi River Basin,6.57260001,NHD100,Urban,Urban,Non-Urban,118,58i,Glaciated Reading Prong/Hudson Highlands,58,Northeastern Highlands,5.3,ATLANTIC HIGHLANDS,5,NORTHERN FORESTS,NAP,Northern Appalachians,EHIGH,Eastern Highlands,Non Federal,Not_USFS,LS,953.4226163,c(607604.375222653, 4583873.99775661),46006,3
Site-059,Base,None,-74.01763519,42.65418594,3,975153.2074,1.03E-06,None,300163,52817699,1.00E+13,2.02E+12,NA,NA,0.303489137,460,46006,H0202,5,3,3,10.88874466,NA,0,1,250000,Not_Border,NY,Include,Albany,F36001,Region_02,H02,Mid-Atlantic Region,H02020006,Middle Hudson,H02,Mid-Atlantic Region,NMRB,Not Mississippi River Basin,18.19770006,NHD100,Non-Urban,Non-Urban,Non-Urban,118,83f,Mohawk Valley,83,Eastern Great Lakes Lowlands,8.1,MIXED WOOD PLAINS,8,EASTERN TEMPERATE FORESTS,NAP,Northern Appalachians,EHIGH,Eastern Highlands,Non Federal,Not_USFS,LS,303.4891368,c(580518.840100626, 4722881.62685096),46006,3
Site-060,Base,None,-77.76306194,42.55073376,3,975153.2074,1.03E-06,None,251308,84186699,6.00E+13,4.13E+12,944587,Bradner Creek,0.43859097,460,46006,H0413,13,3,3,6.62329086,NA,0,1,5.00E+05,Not_Border,NY,Include,Livingston,F36051,Region_02,H04,Great Lakes Region,H04130002,Upper Genesee,H04,Great Lakes Region,NMRB,Not Mississippi River Basin,14.09210003,NHD100,Non-Urban,Non-Urban,Non-Urban,116,60a,Glaciated Low Allegheny Plateau,60,Northern Allegheny Plateau,8.1,MIXED WOOD PLAINS,8,EASTERN TEMPERATE FORESTS,NAP,Northern Appalachians,EHIGH,Eastern Highlands,Non Federal,Not_USFS,LS,438.59097,c(273145.859789676, 4714627.04040705),46006,3
Site-061,Base,None,-76.38896925,43.40769166,3,975153.2074,1.03E-06,None,190140,123928330,6.00E+13,4.14E+12,944120,Black Creek,1.046696211,460,46006,H0414,6,3,3,24.06228003,NA,0,1,1.00E+06,Not_Border,NY,Include,Oswego,F36075,Region_02,H04,Great Lakes Region,H04140203,Oswego,H04,Great Lakes Region,NMRB,Not Mississippi River Basin,38.65300001,NHD100,Non-Urban,Non-Urban,Non-Urban,116,83c,Ontario Lowlands,83,Eastern Great Lakes Lowlands,8.1,MIXED WOOD PLAINS,8,EASTERN TEMPERATE FORESTS,NAP,Northern Appalachians,EHIGH,Eastern Highlands,Non Federal,Not_USFS,LS,1046.696211,c(387538.160330825, 4807026.71547581),46006,3
Site-062,Base,None,-74.69902934,41.52693473,3,975153.2074,1.03E-06,None,36670,26147634,1.00E+13,2.04E+12,NA,NA,0.571512346,460,46006,H0204,4,3,3,5.86024526,NA,0,1,250000,Not_Border,NY,Include,Sullivan,F36105,Region_02,H02,Mid-Atlantic Region,H02040104,Middle Delaware-Mongaup-Brodhead,H02,Mid-Atlantic Region,NMRB,Not Mississippi River Basin,7.37930001,NHD100,Non-Urban,Non-Urban,Non-Urban,118,62b,Low Poconos,62,North Central Appalachians,5.3,ATLANTIC HIGHLANDS,5,NORTHERN FORESTS,NAP,Northern Appalachians,EHIGH,Eastern Highlands,Non Federal,Not_USFS,LS,571.5123465,c(525109.447886395, 4597298.2234242),46006,3
Site-063,Base,None,-78.64183083,42.25420941,3,975153.2074,1.03E-06,None,99142,112354111,2.40E+13,5.01E+12,NA,NA,1.011274345,460,46006,H0501,4,3,3,13.72506389,NA,0,1,5.00E+05,Not_Border,NY,Include,Cattaraugus,F36009,Region_02,H05,Ohio Region,H05010001,Upper Allegheny,H05_06,Ohio-Tennessee Region,H05_06,Ohio-Tennessee Region,18.71109999,NHD100,Non-Urban,Non-Urban,Non-Urban,150,62d,Unglaciated High Allegheny Plateau,62,North Central Appalachians,5.3,ATLANTIC HIGHLANDS,5,NORTHERN FORESTS,NAP,Northern Appalachians,EHIGH,Eastern Highlands,Non Federal,Not_USFS,LS,1011.274345,c(199575.987025788, 4684426.11552816),46006,3
Site-064,Base,None,-78.11625533,42.92848111,3,975153.2074,1.03E-06,None,205634,42140783,6.00E+13,4.13E+12,969886,Black Creek,2.168151293,460,46006,H0413,11,3,3,11.62890775,NA,0,1,5.00E+05,Not_Border,NY,Include,Genesee,F36037,Region_02,H04,Great Lakes Region,H04130003,Lower Genesee,H04,Great Lakes Region,NMRB,Not Mississippi River Basin,22.29049999,NHD100,Non-Urban,Non-Urban,Non-Urban,116,83c,Ontario Lowlands,83,Eastern Great Lakes Lowlands,8.1,MIXED WOOD PLAINS,8,EASTERN TEMPERATE FORESTS,NAP,Northern Appalachians,EHIGH,Eastern Highlands,Non Federal,Not_USFS,LS,2168.151293,c(245695.521458854, 4757585.37839107),46006,3
Site-065,Base,None,-74.01519507,42.0656189,4,777716.7044,1.29E-06,None,22702,52838535,1.00E+13,2.02E+12,960693,Plattekill Creek,0.604781286,460,46006,H0202,3,5,5,67.84187625,NA,0,1,2.00E+06,Not_Border,NY,Include,Ulster,F36111,Region_02,H02,Mid-Atlantic Region,H02020006,Middle Hudson,H02,Mid-Atlantic Region,NMRB,Not Mississippi River Basin,86.64170008,NHD100,Non-Urban,Non-Urban,Non-Urban,118,60c,Catskills Transition,60,Northern Allegheny Plateau,8.1,MIXED WOOD PLAINS,8,EASTERN TEMPERATE FORESTS,NAP,Northern Appalachians,EHIGH,Eastern Highlands,Non Federal,Not_USFS,RV,604.7812855,c(581475.773948304, 4657531.00738245),46006,4
Site-066,Base,None,-75.10477085,42.0197986,4,777716.7044,1.29E-06,None,17367,25530202,1.00E+13,2.04E+12,949000,East Branch Delaware River,0.154833872,558,55800,H0204,1,6,6,314.7932286,{115B854B-6E25-4953-8CC7-41E0845E42D0},0,1,0,Not_Border,NY,Include,Delaware,F36025,Region_02,H02,Mid-Atlantic Region,H02040102,East Branch Delaware,H02,Mid-Atlantic Region,NMRB,Not Mississippi River Basin,1140.9315,NHD100,Non-Urban,Non-Urban,Non-Urban,118,60c,Catskills Transition,60,Northern Allegheny Plateau,8.1,MIXED WOOD PLAINS,8,EASTERN TEMPERATE FORESTS,NAP,Northern Appalachians,EHIGH,Eastern Highlands,Non Federal,Not_USFS,RV,154.8338716,c(491325.816890631, 4651979.75332692),55800,4
Site-067,Base,None,-75.13086144,44.42334343,4,777716.7044,1.29E-06,None,189681,132856278,6.00E+13,4.29E+12,977224,Grass River,0.103809685,558,55800,H0429,5,6,6,457.112898,150522746,0,1,5.00E+06,Not_Border,NY,Include,St. Lawrence,F36089,Region_02,H04,Great Lakes Region,H04290004,Grass,H04,Great Lakes Region,NMRB,Not Mississippi River Basin,712.7012001,NHD100,Non-Urban,Non-Urban,Non-Urban,117,83e,Upper St. Lawrence Valley,83,Eastern Great Lakes Lowlands,8.1,MIXED WOOD PLAINS,8,EASTERN TEMPERATE FORESTS,NAP,Northern Appalachians,EHIGH,Eastern Highlands,Non Federal,Not_USFS,RV,103.8096851,c(489583.188007033, 4918902.73902072),55800,4
Site-068,Base,None,-75.27659557,43.49551082,4,777716.7044,1.29E-06,None,231966,131813493,6.00E+13,4.14E+12,944180,Black River,0.674759053,558,55800,H0414,6,5,5,653.445386,131845129,0,1,5.00E+06,Not_Border,NY,Include,Oneida,F36065,Region_02,H04,Great Lakes Region,H04140301,Black,H04,Great Lakes Region,NMRB,Not Mississippi River Basin,724.8501,NHD100,Non-Urban,Non-Urban,Non-Urban,116,83f,Mohawk Valley,83,Eastern Great Lakes Lowlands,8.1,MIXED WOOD PLAINS,8,EASTERN TEMPERATE FORESTS,NAP,Northern Appalachians,EHIGH,Eastern Highlands,Non Federal,Not_USFS,RV,674.7590531,c(477637.155347263, 4815879.97474226),55800,4
Site-069,Base,None,-73.6385502,41.21900504,4,777716.7044,1.29E-06,None,53005,{0cf0c9bd-012d-41d8-8c64-560edacc87fd},1.00E+13,2.03E+12,970664,Stone Hill River,0.354144976,558,55800,H0203,4,5,5,15.52179082,55491995,0,1,0,Not_Border,NY,Include,Westchester,F36119,Region_02,H02,Mid-Atlantic Region,H02030101,Lower Hudson,H02,Mid-Atlantic Region,NMRB,Not Mississippi River Basin,20.24509997,NHD100,Non-Urban,Non-Urban,Non-Urban,118,59c,Southern New England Coastal Plains and Hills,59,Northeastern Coastal Zone,8.1,MIXED WOOD PLAINS,8,EASTERN TEMPERATE FORESTS,NAP,Northern Appalachians,EHIGH,Eastern Highlands,Non Federal,Not_USFS,RV,354.1449763,c(614121.611660262, 4563962.68629118),55800,4
Site-070,Base,None,-74.42878806,43.778424,4,777716.7044,1.29E-06,None,140272,89352715,1.00E+13,2.02E+12,946138,Cedar River,0.984872009,558,55800,H0202,2,4,4,150.1811737,{25E805C6-B465-400A-948D-A2E67F0E8B4E},0,1,0,Not_Border,NY,Include,Hamilton,F36041,Region_02,H02,Mid-Atlantic Region,H02020001,Upper Hudson,H02,Mid-Atlantic Region,NMRB,Not Mississippi River Basin,146.5842,NHD100,Non-Urban,Non-Urban,Non-Urban,118,58ad,Central Adirondacks,58,Northeastern Highlands,5.3,ATLANTIC HIGHLANDS,5,NORTHERN FORESTS,NAP,Northern Appalachians,EHIGH,Eastern Highlands,Non Federal,Not_USFS,LS,984.8720086,c(545966.532385442, 4847421.89438259),55800,4
Site-071,Base,None,-74.46657655,44.96751572,4,777716.7044,1.29E-06,None,187967,132873270,6.00E+13,4.29E+12,948999,East Branch Deer Creek,0.387703769,460,46006,H0429,7,4,4,28.77761,NA,0,1,1.00E+06,Not_Border,NY,Include,Franklin,F36033,Region_02,H04,Great Lakes Region,H04290007,Salmon,H04,Great Lakes Region,NMRB,Not Mississippi River Basin,65.45219988,NHD100,Non-Urban,Non-Urban,Non-Urban,117,83d,St. Lawrence Lowlands,83,Eastern Great Lakes Lowlands,8.1,MIXED WOOD PLAINS,8,EASTERN TEMPERATE FORESTS,NAP,Northern Appalachians,EHIGH,Eastern Highlands,Non Federal,Not_USFS,LS,387.7037686,c(542065.678030665, 4979480.20511674),46006,4
Site-072,Base,None,-78.12403614,42.62965538,4,777716.7044,1.29E-06,None,180003,84183951,6.00E+13,4.13E+12,949150,East Koy Creek,3.074651335,460,46006,H0413,12,4,4,50.04859492,NA,0,1,5.00E+06,Not_Border,NY,Include,Wyoming,F36121,Region_02,H04,Great Lakes Region,H04130002,Upper Genesee,H04,Great Lakes Region,NMRB,Not Mississippi River Basin,73.71279993,NHD100,Non-Urban,Non-Urban,Non-Urban,116,60a,Glaciated Low Allegheny Plateau,60,Northern Allegheny Plateau,8.1,MIXED WOOD PLAINS,8,EASTERN TEMPERATE FORESTS,NAP,Northern Appalachians,EHIGH,Eastern Highlands,Non Federal,Not_USFS,LS,3074.651335,c(243830.330602807, 4724422.26877513),46006,4
Site-073,Base,None,-75.0517266,42.24690365,4,777716.7044,1.29E-06,None,63472,0AFDE1D3-500E-49C7-BA01-A3AE958C7C96,1.00E+13,2.04E+12,949026,East Brook,0.973894276,460,46006,H0204,3,4,4,15.11151288,NA,0,1,5.00E+05,Not_Border,NY,Include,Delaware,F36025,Region_02,H02,Mid-Atlantic Region,H02040101,Upper Delaware,H02,Mid-Atlantic Region,NMRB,Not Mississippi River Basin,19.71459994,NHD100,Non-Urban,Non-Urban,Non-Urban,118,60a,Glaciated Low Allegheny Plateau,60,Northern Allegheny Plateau,8.1,MIXED WOOD PLAINS,8,EASTERN TEMPERATE FORESTS,NAP,Northern Appalachians,EHIGH,Eastern Highlands,Non Federal,Not_USFS,LS,973.8942758,c(495732.725717209, 4677191.54087545),46006,4
Site-074,Base,None,-75.43922103,44.60708588,4,777716.7044,1.29E-06,None,234193,133095379,6.00E+13,4.29E+12,976779,Oswegatchie River,1.152750163,558,55800,H0429,5,6,6,1959.601251,133099209,0,1,5.00E+06,Not_Border,NY,Include,St. Lawrence,F36089,Region_02,H04,Great Lakes Region,H04290003,Oswegatchie,H04,Great Lakes Region,NMRB,Not Mississippi River Basin,4003.255599,NHD100,Non-Urban,Non-Urban,Non-Urban,117,83d,St. Lawrence Lowlands,83,Eastern Great Lakes Lowlands,8.1,MIXED WOOD PLAINS,8,EASTERN TEMPERATE FORESTS,NAP,Northern Appalachians,EHIGH,Eastern Highlands,Non Federal,Not_USFS,RV,1152.750163,c(465146.884186089, 4939397.94202231),55800,4
Site-075,Base,None,-75.49982278,43.93900667,4,777716.7044,1.29E-06,None,178601,167298124,6.00E+13,4.14E+12,966943,Swiss Creek,1.430916849,460,46006,H0414,7,4,4,33.25688099,NA,0,1,1.00E+06,Not_Border,NY,Include,Lewis,F36049,Region_02,H04,Great Lakes Region,H04140301,Black,H04,Great Lakes Region,NMRB,Not Mississippi River Basin,52.50570006,NHD100,Non-Urban,Non-Urban,Non-Urban,116,83e,Upper St. Lawrence Valley,83,Eastern Great Lakes Lowlands,8.1,MIXED WOOD PLAINS,8,EASTERN TEMPERATE FORESTS,NAP,Northern Appalachians,EHIGH,Eastern Highlands,Non Federal,Not_USFS,LS,1430.916849,c(459886.103809958, 4865219.89266558),46006,4
Site-076,Base,None,-77.2668891,43.05938603,4,777716.7044,1.29E-06,None,180810,87934616,6.00E+13,4.14E+12,970156,Ganargua Creek,0.863253205,558,55800,H0414,10,5,5,110.8313983,87959354,0,1,5.00E+06,Not_Border,NY,Include,Wayne,F36117,Region_02,H04,Great Lakes Region,H04140201,Seneca,H04,Great Lakes Region,NMRB,Not Mississippi River Basin,306.5957999,NHD100,Non-Urban,Non-Urban,Non-Urban,116,83c,Ontario Lowlands,83,Eastern Great Lakes Lowlands,8.1,MIXED WOOD PLAINS,8,EASTERN TEMPERATE FORESTS,NAP,Northern Appalachians,EHIGH,Eastern Highlands,Non Federal,Not_USFS,RV,863.2532045,c(315404.310817481, 4769903.46891875),55800,4
Site-077,Base,None,-74.11829495,42.6223657,4,777716.7044,1.29E-06,None,154487,33523723,1.00E+13,2.02E+12,974211,Fox Creek,0.534767481,460,46006,H0202,4,4,4,22.03542243,NA,0,1,0,Not_Border,NY,Include,Albany,F36001,Region_02,H02,Mid-Atlantic Region,H02020005,Schoharie,H02,Mid-Atlantic Region,NMRB,Not Mississippi River Basin,36.37299995,NHD100,Non-Urban,Non-Urban,Non-Urban,118,83f,Mohawk Valley,83,Eastern Great Lakes Lowlands,8.1,MIXED WOOD PLAINS,8,EASTERN TEMPERATE FORESTS,NAP,Northern Appalachians,EHIGH,Eastern Highlands,Non Federal,Not_USFS,LS,534.7674813,c(572305.110661347, 4719257.28618981),46006,4
Site-078,Base,None,-75.75824493,44.1810469,4,777716.7044,1.29E-06,None,250729,131860078,6.00E+13,4.29E+12,959567,Otter Creek,1.413212002,558,55800,H0429,7,5,5,30.791444,131860643,0,1,1.00E+06,Not_Border,NY,Include,Jefferson,F36045,Region_02,H04,Great Lakes Region,H04290002,Indian,H04,Great Lakes Region,NMRB,Not Mississippi River Basin,62.67189999,NHD100,Non-Urban,Non-Urban,Non-Urban,117,83d,St. Lawrence Lowlands,83,Eastern Great Lakes Lowlands,8.1,MIXED WOOD PLAINS,8,EASTERN TEMPERATE FORESTS,NAP,Northern Appalachians,EHIGH,Eastern Highlands,Non Federal,Not_USFS,RV,1413.212002,c(439393.495930384, 4892261.13784775),55800,4
Site-079,Base,None,-76.43905482,43.34442382,4,777716.7044,1.29E-06,None,200316,123930588,6.00E+13,4.14E+12,967052,Tannery Creek,4.612197238,460,46006,H0414,6,4,4,29.88779887,NA,0,1,2.00E+06,Not_Border,NY,Include,Oswego,F36075,Region_02,H04,Great Lakes Region,H04140203,Oswego,H04,Great Lakes Region,NMRB,Not Mississippi River Basin,52.72630001,NHD100,Urban,Non-Urban,Non-Urban,116,83c,Ontario Lowlands,83,Eastern Great Lakes Lowlands,8.1,MIXED WOOD PLAINS,8,EASTERN TEMPERATE FORESTS,NAP,Northern Appalachians,EHIGH,Eastern Highlands,Non Federal,Not_USFS,LS,4612.197238,c(383361.564946316, 4800069.12532295),46006,4
Site-080,Base,None,-77.6382854,42.38371504,4,777716.7044,1.29E-06,None,39998,57345767,1.00E+13,2.05E+12,964802,Seeley Creek,0.615587342,460,46006,H0205,5,4,4,13.97075179,NA,0,1,0,Not_Border,NY,Include,Steuben,F36101,Region_02,H02,Mid-Atlantic Region,H02050104,Tioga,H02,Mid-Atlantic Region,NMRB,Not Mississippi River Basin,33.00369999,NHD100,Non-Urban,Non-Urban,Non-Urban,158,60a,Glaciated Low Allegheny Plateau,60,Northern Allegheny Plateau,8.1,MIXED WOOD PLAINS,8,EASTERN TEMPERATE FORESTS,NAP,Northern Appalachians,EHIGH,Eastern Highlands,Non Federal,Not_USFS,LS,615.5873415,c(282813.931882834, 4695753.0539188),46006,4
Site-081,Over,Next,-75.95677093,42.88963286,1,1067943.304,9.36E-07,None,246971,124498085,6.00E+13,4.14E+12,969125,West Branch Limestone Creek,2.758929454,460,46003,H0414,9,1,1,3.72302065,NA,0,1,5.00E+05,Not_Border,NY,Include,Onondaga,F36067,Region_02,H04,Great Lakes Region,H04140202,Oneida,H04,Great Lakes Region,NMRB,Not Mississippi River Basin,5.55329996,NHD100,Non-Urban,Non-Urban,Non-Urban,116,60d,Finger Lakes Uplands and Gorges,60,Northern Allegheny Plateau,8.1,MIXED WOOD PLAINS,8,EASTERN TEMPERATE FORESTS,NAP,Northern Appalachians,EHIGH,Eastern Highlands,Non Federal,Not_USFS,SS,2758.929454,c(421875.471601578, 4749002.7965518),46003,1
Site-082,Over,Next,-73.94551517,43.54654048,1,1067943.304,9.36E-07,None,309987,89359191,1.00E+13,2.02E+12,NA,NA,0.192938088,460,46006,H0202,4,1,1,1.597111,NA,0,1,0,Not_Border,NY,Include,Warren,F36113,Region_02,H02,Mid-Atlantic Region,H02020001,Upper Hudson,H02,Mid-Atlantic Region,NMRB,Not Mississippi River Basin,1.94689998,NHD100,Non-Urban,Non-Urban,Non-Urban,118,58ad,Central Adirondacks,58,Northeastern Highlands,5.3,ATLANTIC HIGHLANDS,5,NORTHERN FORESTS,NAP,Northern Appalachians,EHIGH,Eastern Highlands,Non Federal,Not_USFS,SS,192.9380881,c(585183.860878727, 4822050.17172935),46006,1
Site-083,Over,Next,-74.92921728,44.62476838,1,1067943.304,9.36E-07,None,190578,132419740,6.00E+13,4.29E+12,NA,NA,1.549635287,460,46003,H0429,8,1,1,1.556318,NA,0,1,50000,Not_Border,NY,Include,St. Lawrence,F36089,Region_02,H04,Great Lakes Region,H04290005,Raquette,H04,Great Lakes Region,NMRB,Not Mississippi River Basin,2.82510005,Not_NHD100,Non-Urban,Non-Urban,Non-Urban,117,83e,Upper St. Lawrence Valley,83,Eastern Great Lakes Lowlands,8.1,MIXED WOOD PLAINS,8,EASTERN TEMPERATE FORESTS,NAP,Northern Appalachians,EHIGH,Eastern Highlands,Non Federal,Not_USFS,SS,1549.635287,c(505615.053335661, 4941270.73445572),46003,1
Site-084,Over,Next,-78.20737051,42.63857412,1,1067943.304,9.36E-07,None,174810,84183567,6.00E+13,4.13E+12,NA,NA,3.130554851,460,46003,H0413,13,1,1,2.44570052,NA,0,1,250000,Not_Border,NY,Include,Wyoming,F36121,Region_02,H04,Great Lakes Region,H04130002,Upper Genesee,H04,Great Lakes Region,NMRB,Not Mississippi River Basin,3.07930002,NHD100,Non-Urban,Non-Urban,Non-Urban,116,60a,Glaciated Low Allegheny Plateau,60,Northern Allegheny Plateau,8.1,MIXED WOOD PLAINS,8,EASTERN TEMPERATE FORESTS,NAP,Northern Appalachians,EHIGH,Eastern Highlands,Non Federal,Not_USFS,SS,3130.554851,c(237033.950792755, 4725668.73393387),46003,1
Site-085,Over,Next,-74.70191477,41.92156589,1,1067943.304,9.36E-07,None,35584,65B0345D-AEDB-4D96-8A04-44DC2495AD51,1.00E+13,2.04E+12,NA,NA,0.74122409,460,46006,H0204,4,1,1,1.453464,NA,0,1,0,Not_Border,NY,Include,Sullivan,F36105,Region_02,H02,Mid-Atlantic Region,H02040102,East Branch Delaware,H02,Mid-Atlantic Region,NMRB,Not Mississippi River Basin,1.62560001,NHD100,Non-Urban,Non-Urban,Non-Urban,118,60c,Catskills Transition,60,Northern Allegheny Plateau,8.1,MIXED WOOD PLAINS,8,EASTERN TEMPERATE FORESTS,NAP,Northern Appalachians,EHIGH,Eastern Highlands,Non Federal,Not_USFS,SS,741.2240898,c(524717.014566436, 4641110.79266833),46006,1
Site-086,Over,Next,-75.39769354,43.62250142,1,1067943.304,9.36E-07,None,183205,167298349,6.00E+13,4.14E+12,NA,NA,2.661986106,460,46003,H0414,8,1,1,1.28196417,NA,0,1,50000,Not_Border,NY,Include,Lewis,F36049,Region_02,H04,Great Lakes Region,H04140301,Black,H04,Great Lakes Region,NMRB,Not Mississippi River Basin,1.2642,Not_NHD100,Non-Urban,Non-Urban,Non-Urban,116,83e,Upper St. Lawrence Valley,83,Eastern Great Lakes Lowlands,8.1,MIXED WOOD PLAINS,8,EASTERN TEMPERATE FORESTS,NAP,Northern Appalachians,EHIGH,Eastern Highlands,Non Federal,Not_USFS,SS,2661.986106,c(467913.796402778, 4830023.12076313),46003,1
Site-087,Over,Next,-76.39403945,43.48353676,1,1067943.304,9.36E-07,None,243478,129634661,6.00E+13,4.14E+12,NA,NA,3.928001982,460,46006,H0414,6,1,1,3.00259357,NA,0,1,1.00E+05,Not_Border,NY,Include,Oswego,F36075,Region_02,H04,Great Lakes Region,H04140102,Salmon-Sandy,H04,Great Lakes Region,NMRB,Not Mississippi River Basin,4.41649998,NHD100,Non-Urban,Non-Urban,Non-Urban,116,83c,Ontario Lowlands,83,Eastern Great Lakes Lowlands,8.1,MIXED WOOD PLAINS,8,EASTERN TEMPERATE FORESTS,NAP,Northern Appalachians,EHIGH,Eastern Highlands,Non Federal,Not_USFS,SS,3928.001982,c(387268.592386899, 4815456.83515717),46006,1
Site-088,Over,Next,-79.43193459,42.137759,1,1067943.304,9.36E-07,None,105317,129442271,2.40E+13,5.01E+12,NA,NA,1.444981716,460,46006,H0501,7,1,1,1.38245704,NA,0,1,50000,Not_Border,NY,Include,Chautauqua,F36013,Region_02,H05,Ohio Region,H05010002,Conewango,H05_06,Ohio-Tennessee Region,H05_06,Ohio-Tennessee Region,1.75029999,Not_NHD100,Non-Urban,Non-Urban,Non-Urban,150,61c,Low Lime Drift Plain,61,Erie Drift Plain,8.1,MIXED WOOD PLAINS,8,EASTERN TEMPERATE FORESTS,NAP,Northern Appalachians,EHIGH,Eastern Highlands,Non Federal,Not_USFS,SS,1444.981716,c(133713.572808847, 4674586.163316),46006,1
Site-089,Over,Next,-73.82364506,42.29634173,1,1067943.304,9.36E-07,None,34387,52830171,1.00E+13,2.02E+12,NA,NA,3.722502128,460,46006,H0202,3,1,1,1.291148,NA,0,1,250000,Not_Border,NY,Include,Greene,F36039,Region_02,H02,Mid-Atlantic Region,H02020006,Middle Hudson,H02,Mid-Atlantic Region,NMRB,Not Mississippi River Basin,2.75729999,NHD100,Non-Urban,Non-Urban,Non-Urban,118,59i,Hudson Valley,59,Northeastern Coastal Zone,8.1,MIXED WOOD PLAINS,8,EASTERN TEMPERATE FORESTS,NAP,Northern Appalachians,EHIGH,Eastern Highlands,Non Federal,Not_USFS,SS,3722.502128,c(596970.248024989, 4683349.52103996),46006,1
Site-090,Over,Next,-74.14341529,44.24869039,1,1067943.304,9.36E-07,None,302730,129688994,6.00E+13,4.30E+12,948996,East Branch Cold Brook,1.069383833,460,46006,H0430,7,1,1,9.82360089,NA,0,1,250000,Not_Border,NY,Include,Franklin,F36033,Region_02,H02,Mid-Atlantic Region,H04300106,Saranac River,H02,Mid-Atlantic Region,NMRB,Not Mississippi River Basin,12.54490004,NHD100,Non-Urban,Non-Urban,Non-Urban,117,58ad,Central Adirondacks,58,Northeastern Highlands,5.3,ATLANTIC HIGHLANDS,5,NORTHERN FORESTS,NAP,Northern Appalachians,EHIGH,Eastern Highlands,Non Federal,Not_USFS,SS,1069.383833,c(568388.48095935, 4899851.66193349),46006,1
Site-091,Over,Next,-75.53078967,43.57220867,1,1067943.304,9.36E-07,None,314332,167069350,6.00E+13,4.14E+12,955444,Little Alder Creek,1.017722926,460,46006,H0414,10,1,1,10.48805477,NA,0,1,250000,Not_Border,NY,Include,Lewis,F36049,Region_02,H04,Great Lakes Region,H04140202,Oneida,H04,Great Lakes Region,NMRB,Not Mississippi River Basin,8.46090008,NHD100,Non-Urban,Non-Urban,Non-Urban,116,58af,Tug Hill Transition,58,Northeastern Highlands,5.3,ATLANTIC HIGHLANDS,5,NORTHERN FORESTS,NAP,Northern Appalachians,EHIGH,Eastern Highlands,Non Federal,Not_USFS,SS,1017.722926,c(457139.807198847, 4824497.62718691),46006,1
Site-092,Over,Next,-78.96623609,43.10722307,1,1067943.304,9.36E-07,None,184467,118007431,6.00E+13,4.27E+12,NA,NA,3.390502598,460,46003,H0427,6,1,1,2.05167811,NA,0,1,250000,Not_Border,NY,Include,Niagara,F36063,Region_02,H04,Great Lakes Region,H04270101,Niagara River,H04,Great Lakes Region,NMRB,Not Mississippi River Basin,5.10450001,NHD100,Non-Urban,Urban,Urban,116,83c,Ontario Lowlands,83,Eastern Great Lakes Lowlands,8.1,MIXED WOOD PLAINS,8,EASTERN TEMPERATE FORESTS,NAP,Northern Appalachians,EHIGH,Eastern Highlands,DOD,Not_USFS,SS,3390.502598,c(177264.00582531, 4780361.74217132),46003,1
Site-093,Over,Next,-74.03876689,41.27704387,1,1067943.304,9.36E-07,None,294706,55501017,1.00E+13,2.03E+12,966437,Stillwater Brook,1.402798394,460,46006,H0203,4,1,1,1.439656,NA,0,1,0,Not_Border,NY,Include,Rockland,F36087,Region_02,H02,Mid-Atlantic Region,H02030101,Lower Hudson,H02,Mid-Atlantic Region,NMRB,Not Mississippi River Basin,1.65870003,NHD100,Non-Urban,Non-Urban,Non-Urban,118,58i,Glaciated Reading Prong/Hudson Highlands,58,Northeastern Highlands,5.3,ATLANTIC HIGHLANDS,5,NORTHERN FORESTS,NAP,Northern Appalachians,EHIGH,Eastern Highlands,Non Federal,Not_USFS,SS,1402.798394,c(580502.226484357, 4569957.80708868),46006,1
Site-094,Over,Next,-73.83552027,44.17858619,1,1067943.304,9.36E-07,None,338617,115351531,6.00E+13,4.30E+12,948187,Deer Brook,0.536031611,460,46006,H0430,7,1,1,1.92199824,NA,0,1,50000,Not_Border,NY,Include,Essex,F36031,Region_02,H02,Mid-Atlantic Region,H04300104,Ausable River,H02,Mid-Atlantic Region,NMRB,Not Mississippi River Basin,1.49109999,Not_NHD100,Non-Urban,Non-Urban,Non-Urban,117,58z,Adirondack High Peaks,58,Northeastern Highlands,5.3,ATLANTIC HIGHLANDS,5,NORTHERN FORESTS,NAP,Northern Appalachians,EHIGH,Eastern Highlands,Non Federal,Not_USFS,SS,536.0316115,c(593080.827460314, 4892367.55920995),46006,1
Site-095,Over,Next,-75.61865848,43.33539535,1,1067943.304,9.36E-07,None,163980,124493307,6.00E+13,4.14E+12,NA,NA,1.299360791,460,46006,H0414,11,1,1,1.27685918,NA,0,1,24000,Not_Border,NY,Include,Oneida,F36065,Region_02,H04,Great Lakes Region,H04140202,Oneida,H04,Great Lakes Region,NMRB,Not Mississippi River Basin,1.39029999,Not_NHD100,Non-Urban,Non-Urban,Non-Urban,116,58af,Tug Hill Transition,58,Northeastern Highlands,5.3,ATLANTIC HIGHLANDS,5,NORTHERN FORESTS,NAP,Northern Appalachians,EHIGH,Eastern Highlands,Non Federal,Not_USFS,SS,1299.360791,c(449849.247494593, 4798246.78907652),46006,1
Site-096,Over,Next,-76.61308648,42.28896192,1,1067943.304,9.36E-07,None,62496,46458909,1.00E+13,2.05E+12,953884,Jackson Creek,2.511318913,460,46003,H0205,3,1,1,1.167813,NA,0,1,1.00E+05,Not_Border,NY,Include,Tompkins,F36109,Region_02,H02,Mid-Atlantic Region,H02050103,Owego-Wappasening,H02,Mid-Atlantic Region,NMRB,Not Mississippi River Basin,2.28470001,NHD100,Non-Urban,Non-Urban,Non-Urban,158,60a,Glaciated Low Allegheny Plateau,60,Northern Allegheny Plateau,8.1,MIXED WOOD PLAINS,8,EASTERN TEMPERATE FORESTS,NAP,Northern Appalachians,EHIGH,Eastern Highlands,Non Federal,Not_USFS,SS,2511.318913,c(367012.42344904, 4683119.96461568),46003,1
Site-097,Over,Next,-76.21674232,42.44411701,1,1067943.304,9.36E-07,None,26356,46455601,1.00E+13,2.05E+12,NA,NA,2.528250394,460,46006,H0205,4,1,1,1.181155,NA,0,1,1.00E+05,Not_Border,NY,Include,Cortland,F36023,Region_02,H02,Mid-Atlantic Region,H02050103,Owego-Wappasening,H02,Mid-Atlantic Region,NMRB,Not Mississippi River Basin,2.342,NHD100,Non-Urban,Non-Urban,Non-Urban,158,60a,Glaciated Low Allegheny Plateau,60,Northern Allegheny Plateau,8.1,MIXED WOOD PLAINS,8,EASTERN TEMPERATE FORESTS,NAP,Northern Appalachians,EHIGH,Eastern Highlands,Non Federal,Not_USFS,SS,2528.250394,c(399935.327834667, 4699805.0466841),46006,1
Site-098,Over,Next,-74.03760093,43.41270956,1,1067943.304,9.36E-07,None,338031,47690502,1.00E+13,2.02E+12,NA,NA,2.969041203,460,46006,H0202,6,1,1,2.62087418,NA,0,1,0,Not_Border,NY,Include,Warren,F36113,Region_02,H02,Mid-Atlantic Region,H02020002,Sacandaga,H02,Mid-Atlantic Region,NMRB,Not Mississippi River Basin,2.55560001,NHD100,Non-Urban,Non-Urban,Non-Urban,118,58aa,Acid Sensitive Adirondacks,58,Northeastern Highlands,5.3,ATLANTIC HIGHLANDS,5,NORTHERN FORESTS,NAP,Northern Appalachians,EHIGH,Eastern Highlands,Non Federal,Not_USFS,SS,2969.041203,c(577916.712903439, 4807096.89658431),46006,1
Site-099,Over,Next,-74.94823723,43.97695378,1,1067943.304,9.36E-07,None,327611,133091368,6.00E+13,4.29E+12,976656,Middle Branch Oswegatchie River,0.689857642,460,46006,H0429,7,1,1,1.92606,NA,0,1,1.00E+05,Not_Border,NY,Include,Herkimer,F36043,Region_02,H04,Great Lakes Region,H04290003,Oswegatchie,H04,Great Lakes Region,NMRB,Not Mississippi River Basin,2.22349997,NHD100,Non-Urban,Non-Urban,Non-Urban,117,58aa,Acid Sensitive Adirondacks,58,Northeastern Highlands,5.3,ATLANTIC HIGHLANDS,5,NORTHERN FORESTS,NAP,Northern Appalachians,EHIGH,Eastern Highlands,Non Federal,Not_USFS,SS,689.8576422,c(504151.639817721, 4869314.45519682),46006,1
Site-100,Over,Next,-78.90644439,42.6656577,1,1067943.304,9.36E-07,None,141083,108912211,6.00E+13,4.12E+12,NA,NA,4.314887266,460,46003,H0412,7,1,1,1.48183923,NA,0,1,250000,Not_Border,NY,Include,Erie,F36029,Region_02,H04,Great Lakes Region,H04120103,Buffalo-Eighteenmile,H04,Great Lakes Region,NMRB,Not Mississippi River Basin,2.7193,NHD100,Non-Urban,Non-Urban,Non-Urban,116,83a,Erie/Ontario Lake Plain,83,Eastern Great Lakes Lowlands,8.1,MIXED WOOD PLAINS,8,EASTERN TEMPERATE FORESTS,NAP,Northern Appalachians,EHIGH,Eastern Highlands,Non Federal,Not_USFS,SS,4314.887266,c(179850.691236505, 4731090.33390112),46003,1
Site-101,Over,Next,-75.74955879,42.2008423,1,1067943.304,9.36E-07,None,14593,62633612,1.00E+13,2.05E+12,NA,NA,1.358989355,460,46006,H0205,4,1,1,1.160358,NA,0,1,1.00E+05,Not_Border,NY,Include,Broome,F36007,Region_02,H02,Mid-Atlantic Region,H02050102,Chenango,H02,Mid-Atlantic Region,NMRB,Not Mississippi River Basin,2.25090004,NHD100,Non-Urban,Non-Urban,Non-Urban,158,60a,Glaciated Low Allegheny Plateau,60,Northern Allegheny Plateau,8.1,MIXED WOOD PLAINS,8,EASTERN TEMPERATE FORESTS,NAP,Northern Appalachians,EHIGH,Eastern Highlands,Non Federal,Not_USFS,SS,1358.989355,c(438118.733795325, 4672347.81431113),46006,1
Site-102,Over,Next,-74.57337422,43.49838471,1,1067943.304,9.36E-07,None,297435,89359983,1.00E+13,2.02E+12,954023,Jessup River,1.69021446,460,46006,H0202,2,1,1,2.77387194,NA,0,1,0,Not_Border,NY,Include,Hamilton,F36041,Region_02,H02,Mid-Atlantic Region,H02020001,Upper Hudson,H02,Mid-Atlantic Region,NMRB,Not Mississippi River Basin,1.85080001,NHD100,Non-Urban,Non-Urban,Non-Urban,118,58aa,Acid Sensitive Adirondacks,58,Northeastern Highlands,5.3,ATLANTIC HIGHLANDS,5,NORTHERN FORESTS,NAP,Northern Appalachians,EHIGH,Eastern Highlands,Non Federal,Not_USFS,SS,1690.21446,c(534491.211381321, 4816250.38107014),46006,1
Site-103,Over,Next,-76.53466944,42.98071467,1,1067943.304,9.36E-07,None,214390,87937010,6.00E+13,4.14E+12,NA,NA,9.901409865,460,46006,H0414,8,1,1,5.26817083,NA,0,1,5.00E+05,Not_Border,NY,Include,Cayuga,F36011,Region_02,H04,Great Lakes Region,H04140201,Seneca,H04,Great Lakes Region,NMRB,Not Mississippi River Basin,10.44380003,NHD100,Non-Urban,Non-Urban,Non-Urban,116,83c,Ontario Lowlands,83,Eastern Great Lakes Lowlands,8.1,MIXED WOOD PLAINS,8,EASTERN TEMPERATE FORESTS,NAP,Northern Appalachians,EHIGH,Eastern Highlands,Non Federal,Not_USFS,SS,9901.409865,c(374871.429080925, 4759815.81053323),46006,1
Site-104,Over,Next,-79.29048413,42.29192513,1,1067943.304,9.36E-07,None,103394,129441893,2.40E+13,5.01E+12,NA,NA,3.357879591,460,46006,H0501,5,1,1,2.33126274,NA,0,1,1.00E+05,Not_Border,NY,Include,Chautauqua,F36013,Region_02,H05,Ohio Region,H05010002,Conewango,H05_06,Ohio-Tennessee Region,H05_06,Ohio-Tennessee Region,2.76110001,NHD100,Non-Urban,Non-Urban,Non-Urban,150,61c,Low Lime Drift Plain,61,Erie Drift Plain,8.1,MIXED WOOD PLAINS,8,EASTERN TEMPERATE FORESTS,NAP,Northern Appalachians,EHIGH,Eastern Highlands,Non Federal,Not_USFS,SS,3357.879591,c(146269.390282231, 4691110.09904171),46006,1
Site-105,Over,Next,-76.95724579,42.00263181,2,1112126.183,8.99E-07,None,31647,48523330,1.00E+13,2.05E+12,NA,NA,0.631819948,460,46003,H0205,5,2,2,1.005529,NA,0,1,1.00E+05,Not_Border,NY,Include,Chemung,F36015,Region_02,H02,Mid-Atlantic Region,H02050105,Chemung,H02,Mid-Atlantic Region,NMRB,Not Mississippi River Basin,2.6976,NHD100,Non-Urban,Non-Urban,Non-Urban,158,60a,Glaciated Low Allegheny Plateau,60,Northern Allegheny Plateau,8.1,MIXED WOOD PLAINS,8,EASTERN TEMPERATE FORESTS,NAP,Northern Appalachians,EHIGH,Eastern Highlands,Non Federal,Not_USFS,SS,631.8199476,c(337908.886660949, 4651921.42785267),46003,2
Site-106,Over,Next,-73.87891523,41.71545764,2,1112126.183,8.99E-07,None,41173,37084511,1.00E+13,2.02E+12,945967,Casper Creek,0.839383609,334,33400,H0202,2,2,2,1.56794,NA,0,1,0,Not_Border,NY,Include,Dutchess,F36027,Region_02,H02,Mid-Atlantic Region,H02020008,Hudson-Wappinger,H02,Mid-Atlantic Region,NMRB,Not Mississippi River Basin,2.83790005,NHD100,Urban,Urban,Urban,118,59i,Hudson Valley,59,Northeastern Coastal Zone,8.1,MIXED WOOD PLAINS,8,EASTERN TEMPERATE FORESTS,NAP,Northern Appalachians,EHIGH,Eastern Highlands,Non Federal,Not_USFS,SS,839.383609,c(593258.742087626, 4618791.76509868),33400,2
Site-107,Over,Next,-75.99644836,43.57712053,2,1112126.183,8.99E-07,None,224338,129636229,6.00E+13,4.14E+12,NA,NA,0.942818379,460,46006,H0414,8,2,2,2.12160126,NA,0,1,24000,Not_Border,NY,Include,Oswego,F36075,Region_02,H04,Great Lakes Region,H04140102,Salmon-Sandy,H04,Great Lakes Region,NMRB,Not Mississippi River Basin,1.9079,Not_NHD100,Non-Urban,Non-Urban,Non-Urban,116,58af,Tug Hill Transition,58,Northeastern Highlands,5.3,ATLANTIC HIGHLANDS,5,NORTHERN FORESTS,NAP,Northern Appalachians,EHIGH,Eastern Highlands,Non Federal,Not_USFS,SS,942.8183786,c(419545.200254586, 4825388.57990689),46006,2
Site-108,Over,Next,-73.57084807,43.66766581,2,1112126.183,8.99E-07,None,327251,92076309,6.00E+13,4.30E+12,NA,NA,1.096534203,460,46003,H0430,8,2,2,1.39174673,NA,0,1,1.00E+05,Not_Border,NY,Include,Warren,F36113,Region_02,H02,Mid-Atlantic Region,H04300108,Lake Champlain,H02,Mid-Atlantic Region,NMRB,Not Mississippi River Basin,1.35449998,NHD100,Non-Urban,Non-Urban,Non-Urban,117,58ac,Eastern Adirondack Foothills,58,Northeastern Highlands,5.3,ATLANTIC HIGHLANDS,5,NORTHERN FORESTS,NAP,Northern Appalachians,EHIGH,Eastern Highlands,Non Federal,Not_USFS,SS,1096.534203,c(615219.191284105, 4835954.59581543),46003,2
Site-109,Over,Next,-74.82003007,41.66896093,2,1112126.183,8.99E-07,None,90704,26177660,1.00E+13,2.04E+12,971110,White Lake Brook,0.183214884,460,46006,H0204,3,2,2,13.99864099,NA,0,1,250000,Not_Border,NY,Include,Sullivan,F36105,Region_02,H02,Mid-Atlantic Region,H02040104,Middle Delaware-Mongaup-Brodhead,H02,Mid-Atlantic Region,NMRB,Not Mississippi River Basin,18.43400006,NHD100,Non-Urban,Non-Urban,Non-Urban,118,62b,Low Poconos,62,North Central Appalachians,5.3,ATLANTIC HIGHLANDS,5,NORTHERN FORESTS,NAP,Northern Appalachians,EHIGH,Eastern Highlands,Non Federal,Not_USFS,SS,183.2148836,c(514981.684657015, 4613038.04206127),46006,2
Site-110,Over,Next,-73.83900803,42.65455538,2,1112126.183,8.99E-07,None,159487,52817725,1.00E+13,2.02E+12,954826,Krum Kill,2.389657128,460,46006,H0202,3,2,2,4.93577123,NA,0,1,5.00E+05,Not_Border,NY,Include,Albany,F36001,Region_02,H02,Mid-Atlantic Region,H02020006,Middle Hudson,H02,Mid-Atlantic Region,NMRB,Not Mississippi River Basin,11.49760006,NHD100,Urban,Urban,Urban,118,59i,Hudson Valley,59,Northeastern Coastal Zone,8.1,MIXED WOOD PLAINS,8,EASTERN TEMPERATE FORESTS,NAP,Northern Appalachians,EHIGH,Eastern Highlands,Non Federal,Not_USFS,SS,2389.657128,c(595159.481183073, 4723108.22872472),46006,2
Site-111,Over,Next,-75.00199269,43.93680257,2,1112126.183,8.99E-07,None,329939,131807501,6.00E+13,4.14E+12,NA,NA,1.036000213,460,46006,H0414,8,2,2,2.29676675,NA,0,1,1.00E+05,Not_Border,NY,Include,Herkimer,F36043,Region_02,H04,Great Lakes Region,H04140301,Black,H04,Great Lakes Region,NMRB,Not Mississippi River Basin,1.97050001,NHD100,Non-Urban,Non-Urban,Non-Urban,116,58aa,Acid Sensitive Adirondacks,58,Northeastern Highlands,5.3,ATLANTIC HIGHLANDS,5,NORTHERN FORESTS,NAP,Northern Appalachians,EHIGH,Eastern Highlands,Non Federal,Not_USFS,SS,1036.000213,c(499840.068141763, 4864853.68197367),46006,2
Site-112,Over,Next,-73.95540449,44.61218007,2,1112126.183,8.99E-07,None,335080,129689387,6.00E+13,4.30E+12,969061,Wemette Brook,0.869040323,460,46006,H0430,8,2,2,2.22373558,NA,0,1,50000,Not_Border,NY,Include,Franklin,F36033,Region_02,H02,Mid-Atlantic Region,H04300106,Saranac River,H02,Mid-Atlantic Region,NMRB,Not Mississippi River Basin,2.6934,Not_NHD100,Non-Urban,Non-Urban,Non-Urban,117,58ad,Central Adirondacks,58,Northeastern Highlands,5.3,ATLANTIC HIGHLANDS,5,NORTHERN FORESTS,NAP,Northern Appalachians,EHIGH,Eastern Highlands,Non Federal,Not_USFS,SS,869.0403228,c(582883.671039558, 4940400.64787269),46006,2
Site-113,Over,Next,-78.20596473,42.38822681,2,1112126.183,8.99E-07,None,114611,84191303,6.00E+13,4.13E+12,NA,NA,0.467977035,460,46003,H0413,12,2,2,1.44500836,NA,0,1,1.00E+05,Not_Border,NY,Include,Allegany,F36003,Region_02,H04,Great Lakes Region,H04130002,Upper Genesee,H04,Great Lakes Region,NMRB,Not Mississippi River Basin,2.31959999,NHD100,Non-Urban,Non-Urban,Non-Urban,116,60a,Glaciated Low Allegheny Plateau,60,Northern Allegheny Plateau,8.1,MIXED WOOD PLAINS,8,EASTERN TEMPERATE FORESTS,NAP,Northern Appalachians,EHIGH,Eastern Highlands,Non Federal,Not_USFS,SS,467.9770353,c(236096.859555347, 4697862.25972567),46003,2
Site-114,Over,Next,-76.24000638,42.7508959,2,1112126.183,8.99E-07,None,183809,87944614,6.00E+13,4.14E+12,951854,Grout Brook,1.837520304,460,46006,H0414,6,2,2,3.50250041,NA,0,1,1.00E+06,Not_Border,NY,Include,Cortland,F36023,Region_02,H04,Great Lakes Region,H04140201,Seneca,H04,Great Lakes Region,NMRB,Not Mississippi River Basin,4.69289998,NHD100,Non-Urban,Non-Urban,Non-Urban,116,60d,Finger Lakes Uplands and Gorges,60,Northern Allegheny Plateau,8.1,MIXED WOOD PLAINS,8,EASTERN TEMPERATE FORESTS,NAP,Northern Appalachians,EHIGH,Eastern Highlands,Non Federal,Not_USFS,SS,1837.520304,c(398521.15164058, 4733898.28669307),46006,2
Site-115,Over,Next,-77.85627681,43.08803524,2,1112126.183,8.99E-07,None,248087,42138039,6.00E+13,4.13E+12,953272,Hotel Creek,1.856236975,460,46006,H0413,12,2,2,5.94241506,NA,0,1,5.00E+05,Not_Border,NY,Include,Monroe,F36055,Region_02,H04,Great Lakes Region,H04130003,Lower Genesee,H04,Great Lakes Region,NMRB,Not Mississippi River Basin,15.81509998,NHD100,Non-Urban,Non-Urban,Non-Urban,116,83c,Ontario Lowlands,83,Eastern Great Lakes Lowlands,8.1,MIXED WOOD PLAINS,8,EASTERN TEMPERATE FORESTS,NAP,Northern Appalachians,EHIGH,Eastern Highlands,Non Federal,Not_USFS,SS,1856.236975,c(267515.666766598, 4774551.31905079),46006,2
Site-116,Over,Next,-74.63436436,44.72205907,2,1112126.183,8.99E-07,None,199747,135262416,6.00E+13,4.29E+12,NA,NA,2.10752852,460,46003,H0429,9,2,2,1.551616,NA,0,1,1.00E+05,Not_Border,NY,Include,St. Lawrence,F36089,Region_02,H04,Great Lakes Region,H04290006,St. Regis,H04,Great Lakes Region,NMRB,Not Mississippi River Basin,3.10280001,NHD100,Non-Urban,Non-Urban,Non-Urban,117,83e,Upper St. Lawrence Valley,83,Eastern Great Lakes Lowlands,8.1,MIXED WOOD PLAINS,8,EASTERN TEMPERATE FORESTS,NAP,Northern Appalachians,EHIGH,Eastern Highlands,Non Federal,Not_USFS,SS,2107.52852,c(528956.665941469, 4952140.45523553),46003,2
Site-117,Over,Next,-78.21709745,42.89966463,2,1112126.183,8.99E-07,None,167526,118014653,6.00E+13,4.27E+12,NA,NA,0.860808778,460,46006,H0427,8,2,2,2.99414139,NA,0,1,5.00E+05,Not_Border,NY,Include,Genesee,F36037,Region_02,H04,Great Lakes Region,H04270101,Niagara River,H04,Great Lakes Region,NMRB,Not Mississippi River Basin,5.68619998,NHD100,Non-Urban,Non-Urban,Non-Urban,116,83c,Ontario Lowlands,83,Eastern Great Lakes Lowlands,8.1,MIXED WOOD PLAINS,8,EASTERN TEMPERATE FORESTS,NAP,Northern Appalachians,EHIGH,Eastern Highlands,Non Federal,Not_USFS,SS,860.8087775,c(237343.111468364, 4754695.14795834),46006,2
Site-118,Over,Next,-73.78167574,41.08650196,2,1112126.183,8.99E-07,None,26069,132166519,1.00E+13,2.03E+12,NA,NA,0.324179663,460,46006,H0203,5,2,2,2.63214047,NA,0,1,0,Not_Border,NY,Include,Westchester,F36119,Region_02,H02,Mid-Atlantic Region,H02030102,Bronx,H02,Mid-Atlantic Region,NMRB,Not Mississippi River Basin,3.50149995,NHD100,Urban,Urban,Urban,118,59c,Southern New England Coastal Plains and Hills,59,Northeastern Coastal Zone,8.1,MIXED WOOD PLAINS,8,EASTERN TEMPERATE FORESTS,NAP,Northern Appalachians,EHIGH,Eastern Highlands,Non Federal,Not_USFS,SS,324.1796626,c(602329.926771087, 4549074.73548019),46006,2
Site-119,Over,Next,-75.56930852,43.26648323,2,1112126.183,8.99E-07,None,245576,124493828,6.00E+13,4.14E+12,964498,Sash Factory Creek,2.986194492,460,46006,H0414,9,2,2,12.01209681,NA,0,1,5.00E+05,Not_Border,NY,Include,Oneida,F36065,Region_02,H04,Great Lakes Region,H04140202,Oneida,H04,Great Lakes Region,NMRB,Not Mississippi River Basin,15.90989993,NHD100,Non-Urban,Non-Urban,Non-Urban,116,83c,Ontario Lowlands,83,Eastern Great Lakes Lowlands,8.1,MIXED WOOD PLAINS,8,EASTERN TEMPERATE FORESTS,NAP,Northern Appalachians,EHIGH,Eastern Highlands,Non Federal,Not_USFS,SS,2986.194492,c(453797.592550505, 4790565.32495224),46006,2
Site-120,Over,Next,-73.45483341,43.28094043,2,1112126.183,8.99E-07,None,141842,50503731,1.00E+13,2.02E+12,NA,NA,0.719823729,460,46006,H0202,3,2,2,6.73050153,NA,0,1,250000,Not_Border,NY,Include,Washington,F36115,Region_02,H02,Mid-Atlantic Region,H02020003,Hudson-Hoosic,H02,Mid-Atlantic Region,NMRB,Not Mississippi River Basin,12.68189999,NHD100,Non-Urban,Non-Urban,Non-Urban,118,59i,Hudson Valley,59,Northeastern Coastal Zone,8.1,MIXED WOOD PLAINS,8,EASTERN TEMPERATE FORESTS,NAP,Northern Appalachians,EHIGH,Eastern Highlands,Non Federal,Not_USFS,SS,719.8237287,c(625369.597353733, 4793172.63329412),46006,2
Site-121,Over,Next,-76.95523139,42.26119472,2,1112126.183,8.99E-07,None,112116,48519488,1.00E+13,2.05E+12,949052,East Creek,2.07070752,460,46006,H0205,4,2,2,4.36529171,NA,0,1,250000,Not_Border,NY,Include,Chemung,F36015,Region_02,H02,Mid-Atlantic Region,H02050105,Chemung,H02,Mid-Atlantic Region,NMRB,Not Mississippi River Basin,10.84069999,NHD100,Non-Urban,Non-Urban,Non-Urban,158,60a,Glaciated Low Allegheny Plateau,60,Northern Allegheny Plateau,8.1,MIXED WOOD PLAINS,8,EASTERN TEMPERATE FORESTS,NAP,Northern Appalachians,EHIGH,Eastern Highlands,Non Federal,Not_USFS,SS,2070.70752,c(338733.227015813, 4680627.92131365),46006,2
Site-122,Over,Next,-73.61085405,41.75850757,2,1112126.183,8.99E-07,None,44197,122943727,1.00E+13,1.10E+12,966495,Stone Church Brook,0.621092832,460,46006,H0110,5,2,2,3.39720433,NA,0,1,5.00E+05,Not_Border,NY,Include,Dutchess,F36027,Region_02,H01,New England Region,H01100005,Housatonic,H01,New England Region,NMRB,Not Mississippi River Basin,4.72430002,NHD100,Non-Urban,Non-Urban,Non-Urban,118,58x,Taconic Foothills,58,Northeastern Highlands,5.3,ATLANTIC HIGHLANDS,5,NORTHERN FORESTS,NAP,Northern Appalachians,EHIGH,Eastern Highlands,Non Federal,Not_USFS,SS,621.0928323,c(615481.020679428, 4623896.60130426),46006,2
Site-123,Over,Next,-75.76946118,43.8296323,2,1112126.183,8.99E-07,None,200460,129632169,6.00E+13,4.14E+12,951922,Gulf Stream,0.607167199,460,46006,H0414,7,2,2,5.65349201,NA,0,1,1.00E+05,Not_Border,NY,Include,Lewis,F36049,Region_02,H04,Great Lakes Region,H04140102,Salmon-Sandy,H04,Great Lakes Region,NMRB,Not Mississippi River Basin,4.17819998,NHD100,Non-Urban,Non-Urban,Non-Urban,116,58af,Tug Hill Transition,58,Northeastern Highlands,5.3,ATLANTIC HIGHLANDS,5,NORTHERN FORESTS,NAP,Northern Appalachians,EHIGH,Eastern Highlands,Non Federal,Not_USFS,SS,607.1671994,c(438132.802953587, 4853238.45736253),46006,2
Site-124,Over,Next,-74.4243498,44.0216956,2,1112126.183,8.99E-07,None,333378,132421822,6.00E+13,4.29E+12,NA,NA,0.200921621,460,46006,H0429,7,2,2,11.832702,NA,0,1,5.00E+05,Not_Border,NY,Include,Hamilton,F36041,Region_02,H04,Great Lakes Region,H04290005,Raquette,H04,Great Lakes Region,NMRB,Not Mississippi River Basin,16.19240002,NHD100,Non-Urban,Non-Urban,Non-Urban,117,58ad,Central Adirondacks,58,Northeastern Highlands,5.3,ATLANTIC HIGHLANDS,5,NORTHERN FORESTS,NAP,Northern Appalachians,EHIGH,Eastern Highlands,Non Federal,Not_USFS,SS,200.9216206,c(546135.449788323, 4874443.58831047),46006,2
Site-125,Over,Next,-75.40810837,42.0014468,2,1112126.183,8.99E-07,None,119683,B77F2638-0990-4FAB-BF4C-EEE0939F404A,1.00E+13,2.04E+12,NA,NA,0.505748051,460,46006,H0204,4,2,2,3.75490956,NA,0,1,250000,Not_Border,NY,Include,Broome,F36007,Region_02,H02,Mid-Atlantic Region,H02040101,Upper Delaware,H02,Mid-Atlantic Region,NMRB,Not Mississippi River Basin,5.33980001,NHD100,Non-Urban,Non-Urban,Non-Urban,118,60c,Catskills Transition,60,Northern Allegheny Plateau,8.1,MIXED WOOD PLAINS,8,EASTERN TEMPERATE FORESTS,NAP,Northern Appalachians,EHIGH,Eastern Highlands,Non Federal,Not_USFS,SS,505.7480506,c(466202.171074125, 4650017.40589587),46006,2
Site-126,Over,Next,-74.10635391,42.86598048,2,1112126.183,8.99E-07,None,254564,53537271,1.00E+13,2.02E+12,NA,NA,3.269225745,460,46006,H0202,4,2,2,9.66410002,NA,0,1,0,Not_Border,NY,Include,Schenectady,F36093,Region_02,H02,Mid-Atlantic Region,H02020004,Mohawk,H02,Mid-Atlantic Region,NMRB,Not Mississippi River Basin,15.28970001,NHD100,Non-Urban,Non-Urban,Non-Urban,118,83f,Mohawk Valley,83,Eastern Great Lakes Lowlands,8.1,MIXED WOOD PLAINS,8,EASTERN TEMPERATE FORESTS,NAP,Northern Appalachians,EHIGH,Eastern Highlands,Non Federal,Not_USFS,SS,3269.225745,c(572997.953721577, 4746319.61853682),46006,2
Site-127,Over,Next,-75.69427386,43.97780625,2,1112126.183,8.99E-07,None,207882,131805836,6.00E+13,4.14E+12,953383,Huddle Creek,4.342772897,460,46006,H0414,8,2,2,6.91446192,NA,0,1,5.00E+05,Not_Border,NY,Include,Jefferson,F36045,Region_02,H04,Great Lakes Region,H04140301,Black,H04,Great Lakes Region,NMRB,Not Mississippi River Basin,7.9972,NHD100,Non-Urban,Non-Urban,Non-Urban,116,83e,Upper St. Lawrence Valley,83,Eastern Great Lakes Lowlands,8.1,MIXED WOOD PLAINS,8,EASTERN TEMPERATE FORESTS,NAP,Northern Appalachians,EHIGH,Eastern Highlands,Non Federal,Not_USFS,SS,4342.772897,c(444316.414702209, 4869642.10252769),46006,2
Site-128,Over,Next,-74.38732676,44.96692725,2,1112126.183,8.99E-07,None,230760,132873977,6.00E+13,4.30E+12,944740,Briggs Creek,3.30257598,460,46006,H0430,7,2,2,8.27355363,NA,0,1,1.00E+06,Not_Border,NY,Include,Franklin,F36033,Region_02,H04,Great Lakes Region,H04300201,Chateaugay-English,H04,Great Lakes Region,NMRB,Not Mississippi River Basin,16.94240005,NHD100,Non-Urban,Non-Urban,Non-Urban,117,83d,St. Lawrence Lowlands,83,Eastern Great Lakes Lowlands,8.1,MIXED WOOD PLAINS,8,EASTERN TEMPERATE FORESTS,NAP,Northern Appalachians,EHIGH,Eastern Highlands,Non Federal,Not_USFS,SS,3302.57598,c(548315.797079496, 4979459.00802058),46006,2
Site-129,Over,Next,-74.78156973,43.10260292,3,975153.2074,1.03E-06,None,131224,53527745,1.00E+13,2.02E+12,NA,NA,2.242158058,460,46003,H0202,4,3,3,4.72732854,NA,0,1,0,Not_Border,NY,Include,Herkimer,F36043,Region_02,H02,Mid-Atlantic Region,H02020004,Mohawk,H02,Mid-Atlantic Region,NMRB,Not Mississippi River Basin,6.2246,NHD100,Non-Urban,Non-Urban,Non-Urban,118,83f,Mohawk Valley,83,Eastern Great Lakes Lowlands,8.1,MIXED WOOD PLAINS,8,EASTERN TEMPERATE FORESTS,NAP,Northern Appalachians,EHIGH,Eastern Highlands,Non Federal,Not_USFS,LS,2242.158058,c(517774.241435471, 4772231.92935766),46003,3
Site-130,Over,Next,-74.21451206,44.07043213,3,975153.2074,1.03E-06,None,318815,132421454,6.00E+13,4.29E+12,945441,Calahan Brook,1.327621536,460,46006,H0429,8,3,3,14.186067,NA,0,1,250000,Not_Border,NY,Include,Essex,F36031,Region_02,H04,Great Lakes Region,H04290005,Raquette,H04,Great Lakes Region,NMRB,Not Mississippi River Basin,16.68659998,NHD100,Non-Urban,Non-Urban,Non-Urban,117,58ad,Central Adirondacks,58,Northeastern Highlands,5.3,ATLANTIC HIGHLANDS,5,NORTHERN FORESTS,NAP,Northern Appalachians,EHIGH,Eastern Highlands,Non Federal,Not_USFS,LS,1327.621536,c(562901.318479383, 4879995.53579657),46006,3
Site-131,Over,Next,-75.56871004,42.7881403,3,975153.2074,1.03E-06,None,149798,62618628,1.00E+13,2.05E+12,954681,Kingsley Brook,0.952122168,460,46006,H0205,3,3,3,11.33748121,NA,0,1,5.00E+06,Not_Border,NY,Include,Madison,F36053,Region_02,H02,Mid-Atlantic Region,H02050102,Chenango,H02,Mid-Atlantic Region,NMRB,Not Mississippi River Basin,144.3188,NHD100,Non-Urban,Non-Urban,Non-Urban,158,60a,Glaciated Low Allegheny Plateau,60,Northern Allegheny Plateau,8.1,MIXED WOOD PLAINS,8,EASTERN TEMPERATE FORESTS,NAP,Northern Appalachians,EHIGH,Eastern Highlands,Non Federal,Not_USFS,LS,952.1221678,c(453486.379333209, 4737445.38641282),46006,3
Site-132,Over,Next,-76.84027441,42.22734229,3,975153.2074,1.03E-06,None,113600,87958112,6.00E+13,4.14E+12,946038,Catharine Creek,1.800778881,460,46006,H0414,6,3,3,12.04996755,NA,0,1,1.00E+06,Not_Border,NY,Include,Chemung,F36015,Region_02,H04,Great Lakes Region,H04140201,Seneca,H04,Great Lakes Region,NMRB,Not Mississippi River Basin,28.35589997,NHD100,Urban,Urban,Urban,116,60a,Glaciated Low Allegheny Plateau,60,Northern Allegheny Plateau,8.1,MIXED WOOD PLAINS,8,EASTERN TEMPERATE FORESTS,NAP,Northern Appalachians,EHIGH,Eastern Highlands,Non Federal,Not_USFS,LS,1800.778881,c(348133.967302519, 4676657.68656163),46006,3
Site-133,Over,Next,-74.99591341,43.97746663,3,975153.2074,1.03E-06,None,315484,133091362,6.00E+13,4.29E+12,976656,Middle Branch Oswegatchie River,2.349977471,460,46006,H0429,7,3,3,17.942956,NA,0,1,5.00E+05,Not_Border,NY,Include,Herkimer,F36043,Region_02,H04,Great Lakes Region,H04290003,Oswegatchie,H04,Great Lakes Region,NMRB,Not Mississippi River Basin,20.67280001,NHD100,Non-Urban,Non-Urban,Non-Urban,117,58aa,Acid Sensitive Adirondacks,58,Northeastern Highlands,5.3,ATLANTIC HIGHLANDS,5,NORTHERN FORESTS,NAP,Northern Appalachians,EHIGH,Eastern Highlands,Non Federal,Not_USFS,LS,2349.977471,c(500327.762937729, 4869370.12234749),46006,3
Site-134,Over,Next,-74.60600402,44.55707921,3,975153.2074,1.03E-06,None,222859,135265055,6.00E+13,4.29E+12,977075,Stony Brook,2.387444799,460,46006,H0429,7,3,3,17.352353,NA,0,1,250000,Not_Border,NY,Include,St. Lawrence,F36089,Region_02,H04,Great Lakes Region,H04290006,St. Regis,H04,Great Lakes Region,NMRB,Not Mississippi River Basin,26.42530001,NHD100,Non-Urban,Non-Urban,Non-Urban,117,58ab,Northern and Western Adirondack Foothills,58,Northeastern Highlands,5.3,ATLANTIC HIGHLANDS,5,NORTHERN FORESTS,NAP,Northern Appalachians,EHIGH,Eastern Highlands,Non Federal,Not_USFS,LS,2387.444799,c(531291.224171863, 4933824.9168563),46006,3
Site-135,Over,Next,-73.5729014,42.35871011,3,975153.2074,1.03E-06,None,89551,52828069,1.00E+13,2.02E+12,953646,Indian Creek,1.941888692,460,46006,H0202,4,3,3,21.36855694,NA,0,1,1.00E+06,Not_Border,NY,Include,Columbia,F36021,Region_02,H02,Mid-Atlantic Region,H02020006,Middle Hudson,H02,Mid-Atlantic Region,NMRB,Not Mississippi River Basin,29.84179997,NHD100,Non-Urban,Non-Urban,Non-Urban,118,58x,Taconic Foothills,58,Northeastern Highlands,5.3,ATLANTIC HIGHLANDS,5,NORTHERN FORESTS,NAP,Northern Appalachians,EHIGH,Eastern Highlands,Non Federal,Not_USFS,LS,1941.888692,c(617523.95327399, 4690590.8957981),46006,3
Site-136,Over,Next,-77.74355179,42.6122684,3,975153.2074,1.03E-06,None,184382,84185175,6.00E+13,4.13E+12,944587,Bradner Creek,2.45371294,460,46006,H0413,13,3,3,11.70482744,NA,0,1,5.00E+05,Not_Border,NY,Include,Livingston,F36051,Region_02,H04,Great Lakes Region,H04130002,Upper Genesee,H04,Great Lakes Region,NMRB,Not Mississippi River Basin,27.52170002,NHD100,Non-Urban,Non-Urban,Non-Urban,116,60d,Finger Lakes Uplands and Gorges,60,Northern Allegheny Plateau,8.1,MIXED WOOD PLAINS,8,EASTERN TEMPERATE FORESTS,NAP,Northern Appalachians,EHIGH,Eastern Highlands,Non Federal,Not_USFS,LS,2453.71294,c(274969.373792057, 4721408.43087732),46006,3
Site-137,Over,Next,-75.65344551,43.12732888,3,975153.2074,1.03E-06,None,242903,124495075,6.00E+13,4.14E+12,944635,Brandy Brook,2.09323093,460,46006,H0414,7,3,3,11.36616531,NA,0,1,5.00E+05,Not_Border,NY,Include,Oneida,F36065,Region_02,H04,Great Lakes Region,H04140202,Oneida,H04,Great Lakes Region,NMRB,Not Mississippi River Basin,41.70840003,NHD100,Non-Urban,Non-Urban,Non-Urban,116,83c,Ontario Lowlands,83,Eastern Great Lakes Lowlands,8.1,MIXED WOOD PLAINS,8,EASTERN TEMPERATE FORESTS,NAP,Northern Appalachians,EHIGH,Eastern Highlands,Non Federal,Not_USFS,LS,2093.23093,c(446848.767130094, 4775161.81204596),46006,3
Site-138,Over,Next,-74.32086848,41.81032281,3,975153.2074,1.03E-06,None,34150,61766429,1.00E+13,2.02E+12,957498,Mombaccus Creek,4.312556373,460,46006,H0202,5,3,3,28.3366505,NA,0,1,0,Not_Border,NY,Include,Ulster,F36111,Region_02,H02,Mid-Atlantic Region,H02020007,Rondout,H02,Mid-Atlantic Region,NMRB,Not Mississippi River Basin,33.77319992,NHD100,Non-Urban,Non-Urban,Non-Urban,118,60c,Catskills Transition,60,Northern Allegheny Plateau,8.1,MIXED WOOD PLAINS,8,EASTERN TEMPERATE FORESTS,NAP,Northern Appalachians,EHIGH,Eastern Highlands,Non Federal,Not_USFS,LS,4312.556373,c(556410.926255865, 4628939.82001461),46006,3
Site-139,Over,Next,-74.35113922,42.40055748,3,975153.2074,1.03E-06,None,78705,33526479,1.00E+13,2.02E+12,943276,Bear Kill,1.883064814,460,46006,H0202,5,3,3,6.04250945,NA,0,1,0,Not_Border,NY,Include,Schoharie,F36095,Region_02,H02,Mid-Atlantic Region,H02020005,Schoharie,H02,Mid-Atlantic Region,NMRB,Not Mississippi River Basin,10.08670003,NHD100,Non-Urban,Non-Urban,Non-Urban,118,60a,Glaciated Low Allegheny Plateau,60,Northern Allegheny Plateau,8.1,MIXED WOOD PLAINS,8,EASTERN TEMPERATE FORESTS,NAP,Northern Appalachians,EHIGH,Eastern Highlands,Non Federal,Not_USFS,LS,1883.064814,c(553398.886731953, 4694455.11316446),46006,3
Site-140,Over,Next,-77.06090403,43.05449868,3,975153.2074,1.03E-06,None,177025,87934976,6.00E+13,4.14E+12,NA,NA,0.912587231,460,46006,H0414,10,3,3,8.29282119,NA,0,1,5.00E+05,Not_Border,NY,Include,Wayne,F36117,Region_02,H04,Great Lakes Region,H04140201,Seneca,H04,Great Lakes Region,NMRB,Not Mississippi River Basin,21.72580002,NHD100,Urban,Non-Urban,Non-Urban,116,83c,Ontario Lowlands,83,Eastern Great Lakes Lowlands,8.1,MIXED WOOD PLAINS,8,EASTERN TEMPERATE FORESTS,NAP,Northern Appalachians,EHIGH,Eastern Highlands,Non Federal,Not_USFS,LS,912.5872313,c(332165.130422832, 4768927.96546636),46006,3
Site-141,Over,Next,-75.08451542,43.91670225,3,975153.2074,1.03E-06,None,312638,131807746,6.00E+13,4.14E+12,957741,Moshier Creek,0.114531078,460,46006,H0414,8,3,3,12.86182542,NA,0,1,250000,Not_Border,NY,Include,Herkimer,F36043,Region_02,H04,Great Lakes Region,H04140301,Black,H04,Great Lakes Region,NMRB,Not Mississippi River Basin,12.06650005,NHD100,Non-Urban,Non-Urban,Non-Urban,116,58aa,Acid Sensitive Adirondacks,58,Northeastern Highlands,5.3,ATLANTIC HIGHLANDS,5,NORTHERN FORESTS,NAP,Northern Appalachians,EHIGH,Eastern Highlands,Non Federal,Not_USFS,LS,114.5310784,c(493214.578152685, 4862624.6822271),46006,3
Site-142,Over,Next,-76.10600824,42.36115269,3,975153.2074,1.03E-06,None,17301,62631584,1.00E+13,2.05E+12,948760,Dudley Creek,3.1233741,460,46006,H0205,4,3,3,11.48121494,NA,0,1,250000,Not_Border,NY,Include,Broome,F36007,Region_02,H02,Mid-Atlantic Region,H02050102,Chenango,H02,Mid-Atlantic Region,NMRB,Not Mississippi River Basin,20.52060003,NHD100,Non-Urban,Non-Urban,Non-Urban,158,60a,Glaciated Low Allegheny Plateau,60,Northern Allegheny Plateau,8.1,MIXED WOOD PLAINS,8,EASTERN TEMPERATE FORESTS,NAP,Northern Appalachians,EHIGH,Eastern Highlands,Non Federal,Not_USFS,LS,3123.3741,c(408922.255793984, 4690468.21056168),46006,3
Site-143,Over,Next,-78.51159353,42.7593108,3,975153.2074,1.03E-06,None,257160,108910627,6.00E+13,4.12E+12,966523,Stony Bottom Creek,2.691059827,460,46006,H0412,8,3,3,10.6459853,NA,0,1,5.00E+05,Not_Border,NY,Include,Erie,F36029,Region_02,H04,Great Lakes Region,H04120103,Buffalo-Eighteenmile,H04,Great Lakes Region,NMRB,Not Mississippi River Basin,17.10199998,NHD100,Non-Urban,Non-Urban,Non-Urban,116,60f,Cattaraugus Hills,60,Northern Allegheny Plateau,8.1,MIXED WOOD PLAINS,8,EASTERN TEMPERATE FORESTS,NAP,Northern Appalachians,EHIGH,Eastern Highlands,Non Federal,Not_USFS,LS,2691.059827,c(212646.825808256, 4740069.56870477),46006,3
Site-144,Over,Next,-78.7254533,43.17535894,3,975153.2074,1.03E-06,None,219425,124613025,6.00E+13,4.13E+12,NA,NA,0.238403862,460,46006,H0413,9,3,3,4.51445996,NA,0,1,250000,Not_Border,NY,Include,Niagara,F36063,Region_02,H04,Great Lakes Region,H04130001,Oak Orchard-Twelvemile,H04,Great Lakes Region,NMRB,Not Mississippi River Basin,9.94070001,NHD100,Non-Urban,Urban,Urban,116,83c,Ontario Lowlands,83,Eastern Great Lakes Lowlands,8.1,MIXED WOOD PLAINS,8,EASTERN TEMPERATE FORESTS,NAP,Northern Appalachians,EHIGH,Eastern Highlands,Non Federal,Not_USFS,LS,238.4038623,c(197195.550602021, 4787029.20091939),46006,3
Site-145,Over,Next,-74.46256946,42.06969416,4,777716.7044,1.29E-06,None,24229,151417548,1.00E+13,2.02E+12,970110,Esopus Creek,1.121459893,558,55800,H0202,2,4,4,60.95649838,155FC81B-50A7-401C-BB8C-F343AD55123D,0,1,5.00E+05,Not_Border,NY,Include,Ulster,F36111,Region_02,H02,Mid-Atlantic Region,H02020006,Middle Hudson,H02,Mid-Atlantic Region,NMRB,Not Mississippi River Basin,50.15409998,NHD100,Non-Urban,Non-Urban,Non-Urban,118,58y,Catskill High Peaks,58,Northeastern Highlands,5.3,ATLANTIC HIGHLANDS,5,NORTHERN FORESTS,NAP,Northern Appalachians,EHIGH,Eastern Highlands,Non Federal,Not_USFS,LS,1121.459893,c(544460.186560572, 4657654.05063225),55800,4
Site-146,Over,Next,-74.90988873,41.47808054,4,777716.7044,1.29E-06,None,87721,26173014,1.00E+13,2.04E+12,952033,Halfway Brook,0.414094104,460,46006,H0204,2,4,4,48.96593877,NA,0,1,1.00E+06,Not_Border,NY,Include,Sullivan,F36105,Region_02,H02,Mid-Atlantic Region,H02040104,Middle Delaware-Mongaup-Brodhead,H02,Mid-Atlantic Region,NMRB,Not Mississippi River Basin,71.77090011,NHD100,Non-Urban,Non-Urban,Non-Urban,118,62b,Low Poconos,62,North Central Appalachians,5.3,ATLANTIC HIGHLANDS,5,NORTHERN FORESTS,NAP,Northern Appalachians,EHIGH,Eastern Highlands,NPS,Not_USFS,LS,414.0941042,c(507523.472457985, 4591834.66497452),46006,4
Site-147,Over,Next,-73.42006234,44.89850949,4,777716.7044,1.29E-06,None,205581,92058017,6.00E+13,4.30E+12,955486,Little Chazy River,2.329266646,558,55800,H0430,5,4,4,61.581489,92079947,0,1,5.00E+06,Not_Border,NY,Include,Clinton,F36019,Region_02,H02,Mid-Atlantic Region,H04300108,Lake Champlain,H02,Mid-Atlantic Region,NMRB,Not Mississippi River Basin,128.6651999,NHD100,Non-Urban,Non-Urban,Non-Urban,117,83b,Champlain Lowlands,83,Eastern Great Lakes Lowlands,8.1,MIXED WOOD PLAINS,8,EASTERN TEMPERATE FORESTS,NAP,Northern Appalachians,EHIGH,Eastern Highlands,Non Federal,Not_USFS,LS,2329.266646,c(624742.971844387, 4972890.34451912),55800,4
Site-148,Over,Next,-78.50161246,43.28255147,4,777716.7044,1.29E-06,None,201544,124591680,6.00E+13,4.13E+12,954118,Johnson Creek,0.692044712,460,46006,H0413,8,5,5,25.34164987,NA,0,1,2.00E+06,Not_Border,NY,Include,Niagara,F36063,Region_02,H04,Great Lakes Region,H04130001,Oak Orchard-Twelvemile,H04,Great Lakes Region,NMRB,Not Mississippi River Basin,62.22019994,NHD100,Non-Urban,Non-Urban,Non-Urban,116,83a,Erie/Ontario Lake Plain,83,Eastern Great Lakes Lowlands,8.1,MIXED WOOD PLAINS,8,EASTERN TEMPERATE FORESTS,NAP,Northern Appalachians,EHIGH,Eastern Highlands,Non Federal,Not_USFS,RV,692.0447118,c(215889.782103739, 4798148.3883989),46006,4
Site-149,Over,Next,-75.26237143,42.66282258,4,777716.7044,1.29E-06,None,147076,43474627,1.00E+13,2.05E+12,970979,Wharton Creek,4.235483953,558,55800,H0205,3,4,4,116.7747807,43494424,0,1,1.00E+06,Not_Border,NY,Include,Otsego,F36077,Region_02,H02,Mid-Atlantic Region,H02050101,Upper Susquehanna,H02,Mid-Atlantic Region,NMRB,Not Mississippi River Basin,182.9604999,NHD100,Non-Urban,Non-Urban,Non-Urban,158,60a,Glaciated Low Allegheny Plateau,60,Northern Allegheny Plateau,8.1,MIXED WOOD PLAINS,8,EASTERN TEMPERATE FORESTS,NAP,Northern Appalachians,EHIGH,Eastern Highlands,Non Federal,Not_USFS,LS,4235.483953,c(478497.968009898, 4723406.28734856),55800,4
Site-150,Over,Next,-73.28186283,43.20624047,4,777716.7044,1.29E-06,None,160549,50506027,1.00E+13,2.02E+12,971095,White Creek,3.241774553,460,46006,H0202,4,4,4,61.99259715,NA,0,1,2.00E+06,Not_Border,NY,Include,Washington,F36115,Region_02,H02,Mid-Atlantic Region,H02020003,Hudson-Hoosic,H02,Mid-Atlantic Region,NMRB,Not Mississippi River Basin,66.89380002,NHD100,Non-Urban,Non-Urban,Non-Urban,118,58x,Taconic Foothills,58,Northeastern Highlands,5.3,ATLANTIC HIGHLANDS,5,NORTHERN FORESTS,NAP,Northern Appalachians,EHIGH,Eastern Highlands,Non Federal,Not_USFS,LS,3241.774553,c(639574.576371521, 4785150.81962),46006,4
Site-151,Over,Next,-74.05427692,44.07569894,4,777716.7044,1.29E-06,None,139293,89344471,1.00E+13,2.02E+12,970226,Hudson River,0.997986091,558,55800,H0202,1,4,4,60.2929007,89366681,0,1,0,Not_Border,NY,Include,Essex,F36031,Region_02,H02,Mid-Atlantic Region,H02020001,Upper Hudson,H02,Mid-Atlantic Region,NMRB,Not Mississippi River Basin,86.3396999,NHD100,Non-Urban,Non-Urban,Non-Urban,118,58ad,Central Adirondacks,58,Northeastern Highlands,5.3,ATLANTIC HIGHLANDS,5,NORTHERN FORESTS,NAP,Northern Appalachians,EHIGH,Eastern Highlands,Non Federal,Not_USFS,LS,997.9860907,c(575726.154567537, 4880715.36332716),55800,4
Site-152,Over,Next,-78.26896018,42.57108574,4,777716.7044,1.29E-06,None,165520,84185531,6.00E+13,4.13E+12,971519,Wiscoy Creek,0.109627925,460,46006,H0413,11,4,4,16.39364112,NA,0,1,5.00E+05,Not_Border,NY,Include,Wyoming,F36121,Region_02,H04,Great Lakes Region,H04130002,Upper Genesee,H04,Great Lakes Region,NMRB,Not Mississippi River Basin,21.86409992,NHD100,Non-Urban,Non-Urban,Non-Urban,116,60a,Glaciated Low Allegheny Plateau,60,Northern Allegheny Plateau,8.1,MIXED WOOD PLAINS,8,EASTERN TEMPERATE FORESTS,NAP,Northern Appalachians,EHIGH,Eastern Highlands,Non Federal,Not_USFS,LS,109.6279251,c(231694.092791456, 4718367.287566),46006,4
Site-153,Over,Next,-74.90595853,42.28184841,4,777716.7044,1.29E-06,None,79753,A07AB6FB-007B-4677-9AB4-E6152D845483,1.00E+13,2.04E+12,969117,West Branch Delaware River,0.453090222,558,55800,H0204,2,5,5,231.2318516,FA27876D-D806-4162-B73C-74091120DBD9,0,1,2.00E+06,Not_Border,NY,Include,Delaware,F36025,Region_02,H02,Mid-Atlantic Region,H02040101,Upper Delaware,H02,Mid-Atlantic Region,NMRB,Not Mississippi River Basin,346.4984998,NHD100,Non-Urban,Urban,Non-Urban,118,60c,Catskills Transition,60,Northern Allegheny Plateau,8.1,MIXED WOOD PLAINS,8,EASTERN TEMPERATE FORESTS,NAP,Northern Appalachians,EHIGH,Eastern Highlands,Non Federal,Not_USFS,RV,453.0902218,c(507753.828317286, 4681074.58370374),55800,4
Site-154,Over,Next,-75.19562781,44.87854913,4,777716.7044,1.29E-06,None,214095,131100660,6.00E+13,4.29E+12,NA,NA,1.79107696,558,55800,H0429,5,5,5,48.464942,131101361,0,1,2.00E+06,Not_Border,NY,Include,St. Lawrence,F36089,Region_02,H04,Great Lakes Region,H04290008,Raisin River-St. Lawrence River,H04,Great Lakes Region,NMRB,Not Mississippi River Basin,123.9013001,NHD100,Non-Urban,Non-Urban,Non-Urban,117,83d,St. Lawrence Lowlands,83,Eastern Great Lakes Lowlands,8.1,MIXED WOOD PLAINS,8,EASTERN TEMPERATE FORESTS,NAP,Northern Appalachians,EHIGH,Eastern Highlands,Non Federal,Not_USFS,RV,1791.07696,c(484548.997533519, 4969477.50477438),55800,4
Site-155,Over,Next,-76.14702556,43.77390362,4,777716.7044,1.29E-06,None,252922,129637097,6.00E+13,4.14E+12,970581,Sandy Creek,2.366993435,558,55800,H0414,6,5,5,316.3233671,129639504,0,1,5.00E+06,Not_Border,NY,Include,Jefferson,F36045,Region_02,H04,Great Lakes Region,H04140102,Salmon-Sandy,H04,Great Lakes Region,NMRB,Not Mississippi River Basin,371.2462999,NHD100,Non-Urban,Non-Urban,Non-Urban,116,83c,Ontario Lowlands,83,Eastern Great Lakes Lowlands,8.1,MIXED WOOD PLAINS,8,EASTERN TEMPERATE FORESTS,NAP,Northern Appalachians,EHIGH,Eastern Highlands,Non Federal,Not_USFS,RV,2366.993435,c(407689.468776335, 4847400.59259377),55800,4
Site-156,Over,Next,-77.71541387,42.56034861,4,777716.7044,1.29E-06,None,198582,84186235,6.00E+13,4.13E+12,945754,Canaseraga Creek,1.762458568,558,55800,H0413,11,5,5,168.2698359,84199733,0,1,5.00E+06,Not_Border,NY,Include,Livingston,F36051,Region_02,H04,Great Lakes Region,H04130002,Upper Genesee,H04,Great Lakes Region,NMRB,Not Mississippi River Basin,407.1702,NHD100,Urban,Non-Urban,Non-Urban,116,60d,Finger Lakes Uplands and Gorges,60,Northern Allegheny Plateau,8.1,MIXED WOOD PLAINS,8,EASTERN TEMPERATE FORESTS,NAP,Northern Appalachians,EHIGH,Eastern Highlands,Non Federal,Not_USFS,RV,1762.458568,c(277092.38768672, 4715568.19176948),55800,4
Site-157,Over,Next,-74.76747159,42.45045057,4,777716.7044,1.29E-06,None,30200,43478761,1.00E+13,2.05E+12,957090,Middle Brook,1.338646166,460,46006,H0205,3,5,5,63.21511828,NA,0,1,5.00E+06,Not_Border,NY,Include,Delaware,F36025,Region_02,H02,Mid-Atlantic Region,H02050101,Upper Susquehanna,H02,Mid-Atlantic Region,NMRB,Not Mississippi River Basin,100.7016,NHD100,Non-Urban,Non-Urban,Non-Urban,158,60a,Glaciated Low Allegheny Plateau,60,Northern Allegheny Plateau,8.1,MIXED WOOD PLAINS,8,EASTERN TEMPERATE FORESTS,NAP,Northern Appalachians,EHIGH,Eastern Highlands,Non Federal,Not_USFS,RV,1338.646166,c(519121.042667072, 4699817.39471146),46006,4
Site-158,Over,Next,-75.26125395,44.0858569,4,777716.7044,1.29E-06,None,171743,133091703,6.00E+13,4.29E+12,977222,Fish Creek,0.647564564,460,46006,H0429,8,4,4,30.111138,NA,0,1,1.00E+06,Not_Border,NY,Include,Lewis,F36049,Region_02,H04,Great Lakes Region,H04290003,Oswegatchie,H04,Great Lakes Region,NMRB,Not Mississippi River Basin,45.02319998,NHD100,Non-Urban,Non-Urban,Non-Urban,117,58aa,Acid Sensitive Adirondacks,58,Northeastern Highlands,5.3,ATLANTIC HIGHLANDS,5,NORTHERN FORESTS,NAP,Northern Appalachians,EHIGH,Eastern Highlands,Non Federal,Not_USFS,LS,647.5645641,c(479084.422652479, 4881442.02577748),46006,4
Site-159,Over,Next,-75.93676896,43.54743697,4,777716.7044,1.29E-06,None,167727,129631908,6.00E+13,4.14E+12,964321,Salmon River,1.502314995,460,46006,H0414,6,5,5,476.531097,NA,0,1,5.00E+06,Not_Border,NY,Include,Oswego,F36075,Region_02,H04,Great Lakes Region,H04140102,Salmon-Sandy,H04,Great Lakes Region,NMRB,Not Mississippi River Basin,497.9786997,NHD100,Non-Urban,Non-Urban,Non-Urban,116,58ae,Tug Hill Plateau,58,Northeastern Highlands,5.3,ATLANTIC HIGHLANDS,5,NORTHERN FORESTS,NAP,Northern Appalachians,EHIGH,Eastern Highlands,Non Federal,Not_USFS,RV,1502.314995,c(424326.683450643, 4822035.88005124),46006,4
Site-160,Over,Next,-79.15192758,42.00536196,4,777716.7044,1.29E-06,None,104385,129444573,2.40E+13,5.01E+12,1210156,Conewango Creek,2.076788043,558,55800,H0501,3,6,6,1521.96938,129447890,0,1,5.00E+06,Not_Border,NY,Include,Chautauqua,F36013,Region_02,H05,Ohio Region,H05010002,Conewango,H05_06,Ohio-Tennessee Region,H05_06,Ohio-Tennessee Region,2061.2034,NHD100,Non-Urban,Non-Urban,Non-Urban,150,61c,Low Lime Drift Plain,61,Erie Drift Plain,8.1,MIXED WOOD PLAINS,8,EASTERN TEMPERATE FORESTS,NAP,Northern Appalachians,EHIGH,Eastern Highlands,Non Federal,Not_USFS,RV,2076.788043,c(156144.304887929, 4658716.670877),55800,4
